Student_ID,Name,Gender,Age,Department,Program,Year,Semester,Attendance,Assignment,CAT,FinalExam,StudyHours,InternetAccess,Device,ParentIncome,Scholarship,SkillsCount,Projects,LMSLogins,LibraryVisits,Location,Graduated,Placement,GPA,Total,Grade
S00001,Student_1,M,32,IT,MSc,2,2,80,69,90,53,2,No,Laptop,119944,Yes,10,8,21,44,Mombasa,Yes,No,2.6499999999999999,66.299999999999997,B
S00002,Student_2,M,19,AI,MSc,4,2,51,96,68,87,2,Yes,Laptop,62231,No,6,1,175,59,Eldoret,Yes,Yes,3.2599999999999998,81.400000000000006,A
S00003,Student_3,M,22,AI,BSc,4,2,47,69,36,71,8,No,Laptop,295472,No,11,1,138,19,Mombasa,Yes,No,2.4500000000000002,61.200000000000003,B
S00004,Student_4,F,35,AI,MSc,1,2,49,95,50,75,6,Yes,Desktop,160744,No,11,4,140,52,Nairobi,Yes,Yes,2.8599999999999999,71.400000000000006,A
S00005,Student_5,M,33,AI,MSc,1,2,75,31,92,88,3,Yes,Desktop,156240,Yes,8,0,195,23,Nakuru,Yes,Yes,3.04,76.099999999999994,A
S00006,Student_6,M,27,IT,MSc,4,1,91,30,41,80,1,No,Tablet,93102,Yes,8,3,44,53,Nakuru,Yes,No,2.5299999999999998,63.299999999999997,B
S00007,Student_7,F,34,AI,MSc,2,2,57,64,99,96,1,Yes,Tablet,149653,Yes,0,6,21,12,Eldoret,Yes,Yes,3.4500000000000002,86.299999999999997,A
S00008,Student_8,M,22,CS,BSc,2,1,93,94,53,83,9,No,Desktop,90697,No,13,2,48,51,Kisumu,Yes,Yes,3.21,80.200000000000003,A
S00009,Student_9,F,22,DS,BSc,2,1,63,51,88,62,6,Yes,Desktop,246863,No,8,0,31,31,Nakuru,No,No,2.6000000000000001,65.099999999999994,B
S00010,Student_10,F,33,CS,MSc,4,2,40,56,77,85,11,No,Tablet,165767,No,8,5,161,54,Nairobi,Yes,Yes,2.9199999999999999,73.099999999999994,A
S00011,Student_11,F,23,SE,MSc,4,1,48,55,68,26,6,Yes,Tablet,294246,No,3,7,118,54,Nairobi,No,No,1.7,42.399999999999999,D
S00012,Student_12,M,27,AI,MSc,1,2,62,68,43,41,5,No,Desktop,284026,Yes,0,3,32,10,Eldoret,Yes,No,1.96,48.899999999999999,D
S00013,Student_13,F,19,SE,MSc,1,1,75,57,75,93,8,No,Desktop,32738,Yes,0,8,149,19,Nakuru,Yes,Yes,3.2200000000000002,80.400000000000006,A
S00014,Student_14,F,33,AI,MSc,3,1,89,77,25,73,10,No,Tablet,193617,Yes,6,6,26,46,Eldoret,Yes,No,2.6299999999999999,65.799999999999997,B
S00015,Student_15,M,28,DS,MSc,3,2,57,31,71,66,12,No,Desktop,284649,Yes,9,0,40,60,Mombasa,Yes,No,2.3599999999999999,59.100000000000001,C
S00016,Student_16,F,21,DS,BSc,1,1,60,80,27,73,11,Yes,Tablet,66146,Yes,12,0,150,24,Nakuru,Yes,No,2.5600000000000001,63.899999999999999,B
S00017,Student_17,F,25,IT,BSc,3,1,42,91,73,38,6,No,Tablet,134472,Yes,2,8,107,18,Kisumu,Yes,No,2.2400000000000002,56,C
S00018,Student_18,M,29,DS,BSc,4,2,91,84,73,78,1,No,Tablet,29683,No,0,7,29,12,Nairobi,No,No,3.1800000000000002,79.5,A
S00019,Student_19,F,30,CS,MSc,3,1,59,50,82,55,4,No,Desktop,53191,No,3,6,139,38,Kisumu,Yes,No,2.3900000000000001,59.799999999999997,C
S00020,Student_20,M,26,DS,MSc,1,2,72,36,79,79,11,No,Desktop,169907,No,6,5,156,46,Kisumu,Yes,No,2.79,69.700000000000003,B
S00021,Student_21,M,28,DS,BSc,1,2,77,85,94,71,3,Yes,Desktop,290957,No,2,0,70,6,Mombasa,Yes,Yes,3.1600000000000001,79,A
S00022,Student_22,M,32,CS,BSc,3,2,81,77,33,32,12,Yes,Laptop,34185,No,4,3,59,15,Nakuru,Yes,No,1.8400000000000001,46.100000000000001,D
S00023,Student_23,F,30,SE,BSc,2,1,77,85,64,24,6,Yes,Tablet,70520,Yes,3,4,129,56,Eldoret,Yes,No,1.98,49.5,D
S00024,Student_24,F,24,SE,MSc,3,2,85,33,100,97,1,No,Desktop,75262,Yes,12,7,91,14,Mombasa,Yes,Yes,3.3399999999999999,83.599999999999994,A
S00025,Student_25,F,25,CS,BSc,4,2,78,52,78,56,2,No,Desktop,164989,No,3,3,53,17,Kisumu,Yes,No,2.4700000000000002,61.799999999999997,B
S00026,Student_26,M,34,DS,MSc,4,1,79,76,97,26,6,No,Tablet,289644,Yes,9,8,190,10,Nairobi,Yes,No,2.2200000000000002,55.5,C
S00027,Student_27,F,24,AI,MSc,1,2,48,40,25,88,12,No,Desktop,190030,No,5,6,51,18,Nairobi,Yes,No,2.4700000000000002,61.799999999999997,B
S00028,Student_28,M,27,CS,MSc,2,2,96,94,55,69,4,Yes,Desktop,209665,No,8,3,99,16,Kisumu,Yes,Yes,2.96,73.900000000000006,A
S00029,Student_29,M,31,AI,BSc,4,1,48,64,69,45,1,Yes,Desktop,230450,No,12,6,116,15,Kisumu,Yes,No,2.1600000000000001,53.899999999999999,C
S00030,Student_30,M,34,DS,MSc,4,2,85,86,82,51,5,Yes,Desktop,92568,Yes,1,0,159,15,Kisumu,Yes,No,2.7000000000000002,67.599999999999994,B
S00031,Student_31,F,24,SE,BSc,4,1,85,75,70,93,6,No,Laptop,239912,No,3,2,74,37,Nakuru,Yes,Yes,3.3599999999999999,84,A
S00032,Student_32,F,22,DS,MSc,4,2,84,90,93,50,1,Yes,Laptop,201920,Yes,7,4,87,39,Nairobi,Yes,No,2.7999999999999998,70,A
S00033,Student_33,M,29,IT,BSc,3,1,91,54,61,93,12,No,Desktop,79354,Yes,7,1,172,45,Mombasa,Yes,Yes,3.1400000000000001,78.599999999999994,A
S00034,Student_34,F,25,CS,BSc,3,1,95,39,49,59,4,No,Desktop,262003,Yes,0,4,186,10,Eldoret,Yes,No,2.2599999999999998,56.600000000000001,C
S00035,Student_35,M,33,AI,BSc,1,2,40,59,49,79,1,Yes,Tablet,49682,Yes,15,4,30,20,Nakuru,No,No,2.6000000000000001,65.099999999999994,B
S00036,Student_36,F,18,AI,BSc,1,2,70,44,38,34,2,No,Desktop,235338,Yes,10,3,95,48,Kisumu,Yes,No,1.6200000000000001,40.399999999999999,D
S00037,Student_37,F,30,AI,MSc,1,1,64,41,58,87,5,No,Tablet,23621,No,15,6,105,25,Nakuru,Yes,No,2.79,69.700000000000003,B
S00038,Student_38,M,30,SE,BSc,4,2,72,38,64,23,10,Yes,Tablet,245856,No,2,1,22,60,Nairobi,Yes,No,1.5600000000000001,39.100000000000001,F
S00039,Student_39,F,33,DS,BSc,1,2,98,72,89,38,7,No,Desktop,24491,Yes,14,4,196,0,Nairobi,No,No,2.4399999999999999,61,B
S00040,Student_40,M,34,SE,MSc,2,1,98,45,91,46,2,No,Tablet,203451,No,14,3,77,38,Kisumu,Yes,No,2.3999999999999999,60,B
S00041,Student_41,M,25,SE,BSc,2,2,56,62,30,31,5,No,Laptop,69953,No,10,1,181,27,Mombasa,Yes,No,1.5800000000000001,39.5,F
S00042,Student_42,M,31,CS,BSc,2,2,55,95,88,71,5,No,Desktop,52852,No,9,4,78,41,Nairobi,Yes,Yes,3.1000000000000001,77.599999999999994,A
S00043,Student_43,M,18,IT,MSc,3,1,77,65,83,99,4,Yes,Desktop,243553,Yes,15,8,180,47,Nakuru,Yes,Yes,3.4700000000000002,86.799999999999997,A
S00044,Student_44,F,20,SE,BSc,4,1,92,73,28,52,6,No,Desktop,293639,Yes,5,7,187,9,Mombasa,Yes,No,2.2200000000000002,55.399999999999999,C
S00045,Student_45,M,24,CS,MSc,2,2,86,72,86,92,11,No,Laptop,35065,No,1,2,147,10,Nakuru,Yes,Yes,3.4500000000000002,86.200000000000003,A
S00046,Student_46,F,21,AI,BSc,4,2,83,68,61,78,12,No,Tablet,97616,No,2,1,153,46,Mombasa,Yes,Yes,2.9199999999999999,73.099999999999994,A
S00047,Student_47,M,20,CS,BSc,4,1,47,59,50,83,2,Yes,Laptop,31623,Yes,15,5,196,33,Nairobi,Yes,No,2.7200000000000002,68,B
S00048,Student_48,F,35,CS,MSc,1,1,89,37,77,78,3,No,Laptop,225548,Yes,14,0,51,16,Kisumu,Yes,Yes,2.8300000000000001,70.700000000000003,A
S00049,Student_49,M,33,CS,MSc,3,1,44,59,47,23,12,No,Desktop,291266,Yes,3,5,74,31,Nairobi,No,No,1.48,37.100000000000001,F
S00050,Student_50,M,26,AI,BSc,4,2,91,52,41,55,12,Yes,Tablet,119589,Yes,6,6,95,0,Mombasa,Yes,No,2.21,55.200000000000003,C
S00051,Student_51,M,25,AI,BSc,1,1,84,44,79,43,7,Yes,Laptop,112874,No,2,3,191,44,Nakuru,Yes,No,2.1800000000000002,54.5,C
S00052,Student_52,F,32,AI,MSc,2,1,87,50,44,99,8,No,Laptop,228155,Yes,9,6,102,21,Eldoret,Yes,Yes,3.0800000000000001,77,A
S00053,Student_53,F,27,DS,MSc,1,1,84,41,52,86,2,No,Laptop,190022,Yes,7,6,51,22,Nairobi,Yes,No,2.7999999999999998,70,A
S00054,Student_54,M,18,SE,MSc,4,1,58,62,51,45,5,No,Laptop,59981,Yes,4,1,3,16,Mombasa,No,No,2.04,50.899999999999999,C
S00055,Student_55,M,20,SE,MSc,1,2,71,72,49,34,8,Yes,Desktop,293199,No,8,5,70,31,Eldoret,No,No,1.9299999999999999,48.299999999999997,D
S00056,Student_56,F,33,DS,MSc,3,1,72,98,33,60,8,Yes,Tablet,57006,No,13,6,18,52,Nakuru,No,No,2.54,63.399999999999999,B
S00057,Student_57,F,31,DS,BSc,3,2,65,76,90,93,10,No,Tablet,249237,No,8,3,106,5,Nairobi,No,No,3.4500000000000002,86.200000000000003,A
S00058,Student_58,F,19,IT,BSc,3,2,66,46,47,90,4,Yes,Desktop,66623,Yes,13,3,116,34,Eldoret,Yes,Yes,2.8100000000000001,70.200000000000003,A
S00059,Student_59,F,33,CS,BSc,1,1,95,65,84,31,1,No,Laptop,220086,No,5,8,17,48,Kisumu,Yes,No,2.1899999999999999,54.799999999999997,C
S00060,Student_60,M,27,SE,BSc,1,1,100,39,63,43,9,No,Desktop,290854,No,5,2,200,21,Mombasa,No,No,2.0800000000000001,51.899999999999999,C
S00061,Student_61,M,31,SE,BSc,2,2,48,66,71,35,9,Yes,Tablet,35357,Yes,8,3,190,26,Kisumu,Yes,No,1.99,49.700000000000003,D
S00062,Student_62,F,18,IT,BSc,4,1,76,48,56,54,2,No,Tablet,285013,Yes,8,6,129,48,Kisumu,Yes,No,2.2200000000000002,55.399999999999999,C
S00063,Student_63,F,22,CS,MSc,3,2,67,90,59,34,7,No,Desktop,74379,Yes,10,5,136,15,Nakuru,Yes,No,2.1400000000000001,53.5,C
S00064,Student_64,M,27,AI,BSc,3,2,62,54,84,53,2,Yes,Tablet,289215,Yes,4,7,176,20,Nairobi,Yes,No,2.4100000000000001,60.299999999999997,B
S00065,Student_65,M,23,AI,MSc,1,1,43,94,29,56,6,No,Laptop,253202,Yes,7,3,179,48,Mombasa,Yes,No,2.2799999999999998,56.899999999999999,C
S00066,Student_66,M,20,CS,MSc,2,2,63,71,53,50,5,No,Tablet,182085,No,9,1,17,1,Mombasa,Yes,No,2.2400000000000002,56.100000000000001,C
S00067,Student_67,M,28,CS,MSc,3,2,74,38,39,24,7,No,Laptop,29275,Yes,5,6,19,3,Eldoret,Yes,No,1.3899999999999999,34.799999999999997,F
S00068,Student_68,F,19,DS,BSc,4,1,69,70,75,51,5,Yes,Laptop,71411,No,3,6,150,45,Mombasa,Yes,No,2.46,61.399999999999999,B
S00069,Student_69,F,31,SE,MSc,3,2,82,63,71,38,10,Yes,Tablet,96551,No,7,5,63,2,Nairobi,Yes,No,2.1600000000000001,54,C
S00070,Student_70,F,32,IT,BSc,1,1,40,99,94,67,8,No,Tablet,230665,Yes,6,8,25,5,Eldoret,Yes,Yes,3.04,76.099999999999994,A
S00071,Student_71,M,32,AI,MSc,1,1,57,73,77,45,2,No,Laptop,136246,No,10,6,18,25,Eldoret,Yes,No,2.3300000000000001,58.200000000000003,C
S00072,Student_72,F,29,IT,MSc,1,1,50,42,84,86,11,No,Desktop,193214,Yes,11,1,185,26,Mombasa,Yes,Yes,2.9300000000000002,73.200000000000003,A
S00073,Student_73,F,27,SE,BSc,2,2,49,56,38,79,5,Yes,Tablet,69139,Yes,1,6,127,48,Nakuru,No,No,2.5299999999999998,63.200000000000003,B
S00074,Student_74,M,33,DS,BSc,3,2,73,93,29,65,6,No,Desktop,64930,No,6,6,15,4,Nakuru,Yes,No,2.5699999999999998,64.200000000000003,B
S00075,Student_75,F,31,CS,MSc,4,2,69,61,37,89,8,No,Laptop,78032,No,10,8,105,52,Nairobi,No,No,2.8399999999999999,71,A
S00076,Student_76,F,34,DS,BSc,2,1,49,97,56,57,1,No,Laptop,49543,Yes,11,8,78,1,Nairobi,Yes,No,2.5600000000000001,64,B
S00077,Student_77,F,23,DS,MSc,1,2,61,88,67,51,4,Yes,Desktop,64281,No,14,2,82,19,Nairobi,Yes,No,2.5,62.600000000000001,B
S00078,Student_78,M,33,IT,MSc,4,2,68,97,26,64,6,No,Desktop,281527,Yes,14,1,100,20,Mombasa,Yes,No,2.54,63.399999999999999,B
S00079,Student_79,F,32,DS,MSc,1,1,97,82,92,41,2,No,Desktop,188535,Yes,1,3,30,50,Mombasa,Yes,No,2.6000000000000001,65,B
S00080,Student_80,M,31,IT,MSc,3,1,44,39,30,52,12,No,Tablet,277519,No,8,8,180,0,Nairobi,Yes,No,1.77,44.200000000000003,D
S00081,Student_81,M,29,SE,BSc,4,2,47,72,69,45,4,Yes,Tablet,172554,No,1,4,41,12,Mombasa,No,No,2.2200000000000002,55.399999999999999,C
S00082,Student_82,M,28,SE,MSc,4,2,56,45,37,71,12,Yes,Laptop,132156,No,5,2,187,38,Nakuru,Yes,No,2.2999999999999998,57.5,C
S00083,Student_83,F,22,IT,BSc,3,1,79,32,94,37,3,No,Desktop,193197,Yes,9,8,59,10,Kisumu,Yes,No,2.0600000000000001,51.600000000000001,C
S00084,Student_84,F,20,SE,MSc,4,2,49,58,41,44,10,No,Desktop,49148,Yes,8,4,196,43,Nairobi,Yes,No,1.8700000000000001,46.700000000000003,D
S00085,Student_85,M,29,AI,BSc,1,1,79,37,29,99,10,No,Laptop,43282,No,14,8,55,45,Nakuru,Yes,Yes,2.8199999999999998,70.599999999999994,A
S00086,Student_86,M,21,AI,BSc,2,2,95,41,80,74,11,Yes,Desktop,274593,No,9,8,26,38,Nakuru,Yes,Yes,2.8300000000000001,70.700000000000003,A
S00087,Student_87,M,19,DS,MSc,1,2,44,66,38,30,9,No,Laptop,36774,No,4,0,14,1,Eldoret,Yes,No,1.6100000000000001,40.200000000000003,D
S00088,Student_88,F,28,CS,BSc,1,1,54,31,55,28,1,No,Laptop,91907,Yes,6,2,170,27,Nairobi,Yes,No,1.46,36.600000000000001,F
S00089,Student_89,M,20,DS,BSc,1,2,43,89,42,29,2,Yes,Tablet,286096,Yes,8,0,95,58,Kisumu,Yes,No,1.8,45,D
S00090,Student_90,F,29,SE,MSc,3,2,80,56,53,40,4,No,Tablet,193796,Yes,1,5,57,40,Nakuru,Yes,No,1.99,49.799999999999997,D
S00091,Student_91,M,31,CS,MSc,2,2,72,76,73,21,2,Yes,Laptop,178408,Yes,4,1,134,40,Mombasa,Yes,No,1.8999999999999999,47.5,D
S00092,Student_92,F,21,CS,MSc,4,2,68,95,73,21,3,No,Desktop,94984,Yes,3,3,5,59,Nairobi,No,No,2.04,50.899999999999999,C
S00093,Student_93,F,23,IT,BSc,4,2,98,46,73,67,8,No,Tablet,181478,No,13,4,116,42,Eldoret,Yes,No,2.6800000000000002,67.099999999999994,B
S00094,Student_94,M,31,AI,BSc,4,1,90,39,56,57,7,Yes,Tablet,66739,Yes,3,2,61,36,Mombasa,Yes,No,2.2599999999999998,56.5,C
S00095,Student_95,M,22,SE,BSc,2,1,95,68,47,76,11,Yes,Laptop,25883,Yes,14,2,82,7,Nairobi,Yes,Yes,2.8199999999999998,70.5,A
S00096,Student_96,F,21,CS,MSc,1,2,48,91,40,87,9,No,Tablet,145542,Yes,4,8,168,17,Nakuru,Yes,Yes,2.98,74.5,A
S00097,Student_97,F,25,SE,BSc,2,2,78,60,99,37,4,No,Desktop,260326,No,6,4,139,15,Eldoret,Yes,No,2.3199999999999998,58.100000000000001,C
S00098,Student_98,M,34,AI,BSc,4,2,72,92,53,83,11,Yes,Desktop,291349,No,1,0,144,8,Eldoret,Yes,Yes,3.1099999999999999,77.700000000000003,A
S00099,Student_99,M,24,SE,MSc,3,2,88,100,65,65,4,No,Tablet,28844,No,13,4,134,10,Mombasa,Yes,Yes,2.9700000000000002,74.299999999999997,A
S00100,Student_100,F,22,SE,MSc,2,2,90,63,67,83,1,Yes,Desktop,131888,Yes,7,7,35,59,Eldoret,Yes,Yes,3.0600000000000001,76.5,A
S00101,Student_101,F,21,DS,BSc,1,1,97,76,57,22,8,Yes,Laptop,207371,Yes,4,5,30,43,Nakuru,Yes,No,1.8899999999999999,47.299999999999997,D
S00102,Student_102,M,31,AI,MSc,3,1,55,44,80,34,9,Yes,Tablet,173619,No,3,1,161,1,Eldoret,Yes,No,1.8899999999999999,47.299999999999997,D
S00103,Student_103,F,20,SE,BSc,4,2,84,64,46,45,5,Yes,Desktop,64278,No,13,1,188,48,Nakuru,Yes,No,2.1200000000000001,52.899999999999999,C
S00104,Student_104,M,20,IT,MSc,4,2,71,65,42,43,9,No,Desktop,241040,No,1,1,78,37,Nakuru,Yes,No,2,50,C
S00105,Student_105,M,29,IT,BSc,3,1,57,100,28,60,3,Yes,Laptop,217202,No,10,3,40,43,Kisumu,Yes,No,2.4500000000000002,61.299999999999997,B
S00106,Student_106,M,32,AI,MSc,2,2,50,51,43,56,10,No,Laptop,184181,No,11,3,132,45,Kisumu,Yes,No,2.0699999999999998,51.799999999999997,C
S00107,Student_107,M,30,SE,MSc,2,1,44,66,50,86,1,Yes,Tablet,74118,Yes,7,7,64,45,Kisumu,Yes,Yes,2.8199999999999998,70.599999999999994,A
S00108,Student_108,F,35,IT,BSc,2,2,84,40,40,39,12,Yes,Laptop,44542,No,8,8,121,8,Mombasa,Yes,No,1.76,43.899999999999999,D
S00109,Student_109,M,21,SE,BSc,2,1,46,36,72,61,3,Yes,Desktop,109943,Yes,8,8,200,23,Eldoret,Yes,No,2.27,56.700000000000003,C
S00110,Student_110,F,29,CS,BSc,1,2,89,36,72,70,2,No,Tablet,48127,No,12,0,184,49,Nairobi,Yes,No,2.6200000000000001,65.5,B
S00111,Student_111,F,32,SE,MSc,3,2,70,69,88,77,6,Yes,Laptop,199814,Yes,7,3,164,4,Eldoret,Yes,Yes,3.0800000000000001,76.900000000000006,A
S00112,Student_112,M,27,CS,MSc,1,2,84,85,68,22,9,No,Tablet,148240,Yes,0,4,198,10,Eldoret,Yes,No,2,50,C
S00113,Student_113,M,26,SE,BSc,3,1,76,89,27,72,2,Yes,Laptop,202894,No,13,3,39,9,Nakuru,Yes,No,2.6699999999999999,66.799999999999997,B
S00114,Student_114,M,21,SE,BSc,4,2,48,63,56,23,2,Yes,Tablet,255002,Yes,5,3,4,1,Kisumu,Yes,No,1.6000000000000001,40.100000000000001,D
S00115,Student_115,M,34,CS,MSc,1,1,71,33,76,50,8,Yes,Desktop,166327,Yes,7,3,47,57,Eldoret,Yes,No,2.1600000000000001,53.899999999999999,C
S00116,Student_116,F,35,CS,MSc,4,1,75,87,64,56,11,No,Laptop,167392,No,14,1,75,7,Kisumu,Yes,No,2.6299999999999999,65.700000000000003,B
S00117,Student_117,F,22,SE,MSc,1,1,62,73,60,99,10,Yes,Tablet,103831,No,7,4,92,14,Eldoret,Yes,Yes,3.29,82.299999999999997,A
S00118,Student_118,F,35,DS,BSc,1,1,49,100,74,93,7,No,Tablet,146411,No,0,3,22,51,Eldoret,Yes,Yes,3.4500000000000002,86.200000000000003,A
S00119,Student_119,M,26,AI,MSc,2,2,54,80,40,28,12,No,Laptop,134570,No,10,4,112,33,Kisumu,No,No,1.74,43.399999999999999,D
S00120,Student_120,M,25,SE,BSc,3,1,73,99,73,87,6,No,Tablet,207059,No,10,6,109,54,Mombasa,Yes,Yes,3.4100000000000001,85.200000000000003,A
S00121,Student_121,F,28,DS,MSc,3,1,59,47,96,33,3,No,Laptop,246851,Yes,14,1,175,31,Kisumu,Yes,No,2.04,51,C
S00122,Student_122,M,34,IT,MSc,2,2,56,53,56,55,4,No,Tablet,250433,No,4,8,68,13,Mombasa,Yes,No,2.2000000000000002,54.899999999999999,C
S00123,Student_123,M,23,IT,BSc,2,1,48,40,33,27,10,Yes,Tablet,211334,No,2,3,80,22,Kisumu,Yes,No,1.3200000000000001,32.899999999999999,F
S00124,Student_124,F,24,AI,BSc,1,2,67,62,59,40,9,Yes,Desktop,288133,Yes,5,3,131,14,Mombasa,Yes,No,2.04,50.899999999999999,C
S00125,Student_125,M,25,CS,MSc,2,2,43,62,33,22,7,No,Tablet,99716,No,5,8,126,58,Eldoret,Yes,No,1.3700000000000001,34.299999999999997,F
S00126,Student_126,M,33,SE,MSc,4,2,55,90,98,100,12,No,Desktop,151679,Yes,14,8,93,59,Nakuru,Yes,Yes,3.7200000000000002,93.099999999999994,A
S00127,Student_127,F,35,DS,MSc,1,1,89,43,33,87,7,Yes,Tablet,228907,No,11,7,150,45,Nairobi,Yes,No,2.7000000000000002,67.599999999999994,B
S00128,Student_128,M,28,AI,BSc,3,2,44,33,56,50,2,No,Tablet,122438,No,7,7,53,6,Nakuru,Yes,No,1.8899999999999999,47.200000000000003,D
S00129,Student_129,M,32,AI,MSc,3,2,61,43,53,38,5,Yes,Tablet,216730,No,4,8,144,4,Nakuru,Yes,No,1.77,44.299999999999997,D
S00130,Student_130,M,18,AI,MSc,2,2,82,98,83,57,6,No,Laptop,62061,Yes,10,2,127,2,Nairobi,No,No,2.9199999999999999,72.900000000000006,A
S00131,Student_131,M,28,AI,BSc,3,1,41,87,56,26,1,Yes,Laptop,144794,No,4,0,8,18,Mombasa,Yes,No,1.8300000000000001,45.700000000000003,D
S00132,Student_132,F,29,SE,MSc,3,2,63,75,86,84,12,No,Desktop,94807,No,10,6,3,19,Nairobi,Yes,Yes,3.2200000000000002,80.5,A
S00133,Student_133,F,22,CS,BSc,2,2,59,79,81,95,9,Yes,Desktop,50121,Yes,9,2,35,12,Nakuru,Yes,Yes,3.4199999999999999,85.400000000000006,A
S00134,Student_134,M,26,SE,BSc,4,2,40,97,88,87,12,No,Desktop,258740,Yes,6,7,31,25,Eldoret,No,No,3.3799999999999999,84.5,A
S00135,Student_135,F,18,IT,BSc,4,1,72,96,27,65,5,No,Desktop,191339,No,6,6,72,23,Nairobi,Yes,No,2.5699999999999998,64.299999999999997,B
S00136,Student_136,F,33,AI,MSc,3,2,61,88,67,30,12,No,Desktop,48261,No,5,0,11,55,Nairobi,Yes,No,2.0800000000000001,52.100000000000001,C
S00137,Student_137,F,23,IT,MSc,2,1,42,84,98,51,9,Yes,Laptop,168786,No,8,4,69,17,Nairobi,Yes,No,2.6400000000000001,66.099999999999994,B
S00138,Student_138,F,22,AI,MSc,4,2,61,54,70,96,10,No,Tablet,146281,No,2,1,181,13,Nakuru,Yes,Yes,3.1600000000000001,78.900000000000006,A
S00139,Student_139,M,35,AI,BSc,4,1,64,97,42,92,10,No,Desktop,212321,No,5,4,84,20,Eldoret,No,No,3.21,80.200000000000003,A
S00140,Student_140,F,18,IT,MSc,2,1,40,46,79,72,6,No,Tablet,228340,Yes,1,0,195,2,Kisumu,Yes,No,2.6000000000000001,65,B
S00141,Student_141,F,23,IT,BSc,2,1,40,57,99,97,8,Yes,Desktop,151805,No,7,7,24,52,Mombasa,Yes,Yes,3.3500000000000001,83.700000000000003,A
S00142,Student_142,F,24,DS,BSc,1,2,49,54,30,21,1,Yes,Desktop,49262,Yes,2,2,199,58,Eldoret,Yes,No,1.29,32.200000000000003,F
S00143,Student_143,F,35,DS,BSc,1,2,57,91,96,90,3,Yes,Desktop,100809,No,9,4,99,24,Kisumu,Yes,Yes,3.52,88.099999999999994,A
S00144,Student_144,F,23,IT,MSc,3,1,67,84,30,81,3,Yes,Tablet,284912,Yes,15,6,78,25,Nairobi,No,No,2.7999999999999998,70,A
S00145,Student_145,M,21,CS,MSc,2,2,82,57,68,85,8,No,Laptop,264846,No,6,8,185,59,Nairobi,Yes,Yes,3.0299999999999998,75.700000000000003,A
S00146,Student_146,M,31,AI,MSc,3,1,52,76,81,42,9,Yes,Tablet,290465,No,12,1,75,45,Mombasa,No,No,2.2999999999999998,57.600000000000001,C
S00147,Student_147,M,24,AI,MSc,2,2,77,65,56,83,11,Yes,Desktop,185975,No,10,2,184,53,Eldoret,Yes,Yes,2.9399999999999999,73.400000000000006,A
S00148,Student_148,M,35,CS,MSc,2,2,49,90,90,92,3,No,Laptop,55445,Yes,13,4,178,11,Eldoret,Yes,Yes,3.48,86.900000000000006,A
S00149,Student_149,M,34,DS,MSc,3,2,42,62,60,70,4,Yes,Laptop,289067,Yes,5,2,187,45,Kisumu,Yes,No,2.54,63.600000000000001,B
S00150,Student_150,M,35,CS,BSc,4,2,49,61,57,85,6,No,Laptop,44304,Yes,10,8,136,13,Nairobi,Yes,Yes,2.8399999999999999,71,A
S00151,Student_151,M,27,SE,MSc,1,1,79,41,97,55,7,No,Tablet,223454,No,14,3,99,21,Eldoret,Yes,No,2.52,63,B
S00152,Student_152,F,33,CS,MSc,4,2,40,61,100,68,2,No,Tablet,61868,Yes,1,0,67,42,Nakuru,Yes,Yes,2.8100000000000001,70.200000000000003,A
S00153,Student_153,M,31,AI,MSc,2,1,99,68,98,58,3,No,Desktop,207023,No,7,2,111,3,Eldoret,Yes,Yes,2.8799999999999999,72.099999999999994,A
S00154,Student_154,M,26,IT,MSc,3,1,94,75,92,43,2,No,Desktop,92059,Yes,8,4,44,54,Nairobi,No,No,2.5699999999999998,64.299999999999997,B
S00155,Student_155,F,23,SE,MSc,1,1,45,91,63,55,10,Yes,Tablet,208428,No,15,1,170,3,Kisumu,Yes,No,2.5099999999999998,62.799999999999997,B
S00156,Student_156,M,19,AI,MSc,1,1,91,79,28,90,3,No,Laptop,225993,No,3,5,142,9,Nakuru,Yes,Yes,3.02,75.5,A
S00157,Student_157,M,29,DS,MSc,4,1,55,74,66,41,2,No,Desktop,269085,No,1,8,59,15,Eldoret,Yes,No,2.1600000000000001,54,C
S00158,Student_158,M,18,AI,MSc,4,1,67,75,65,26,10,Yes,Desktop,275096,No,3,3,160,13,Nairobi,No,No,1.9099999999999999,47.700000000000003,D
S00159,Student_159,F,32,IT,MSc,3,2,93,81,55,49,5,No,Laptop,138982,No,4,3,51,3,Nakuru,Yes,No,2.4399999999999999,61,B
S00160,Student_160,F,19,CS,BSc,4,1,51,48,68,23,2,Yes,Desktop,197267,No,12,3,123,29,Nakuru,Yes,No,1.5900000000000001,39.799999999999997,F
S00161,Student_161,M,32,SE,BSc,1,1,96,66,31,85,8,Yes,Tablet,277764,Yes,7,8,143,3,Mombasa,No,No,2.8599999999999999,71.5,A
S00162,Student_162,F,19,SE,MSc,3,1,46,99,87,36,1,Yes,Tablet,240972,Yes,3,3,163,60,Kisumu,Yes,No,2.3900000000000001,59.799999999999997,C
S00163,Student_163,M,35,SE,BSc,1,2,57,34,71,91,9,Yes,Laptop,255580,Yes,9,8,138,15,Nakuru,Yes,Yes,2.8900000000000001,72.200000000000003,A
S00164,Student_164,F,24,SE,BSc,2,2,59,46,61,20,8,No,Desktop,154133,Yes,8,4,140,43,Nakuru,Yes,No,1.49,37.299999999999997,F
S00165,Student_165,F,26,DS,MSc,2,1,44,92,89,22,7,No,Desktop,289919,No,14,1,59,45,Nairobi,No,No,2.0600000000000001,51.600000000000001,C
S00166,Student_166,F,27,IT,BSc,1,2,81,92,72,68,3,Yes,Laptop,289011,Yes,15,4,76,49,Eldoret,Yes,Yes,3,74.900000000000006,A
S00167,Student_167,M,33,AI,BSc,3,2,50,85,100,26,3,No,Tablet,39705,Yes,1,1,83,28,Nakuru,No,No,2.2000000000000002,55,C
S00168,Student_168,F,26,SE,MSc,4,1,79,64,79,100,6,No,Laptop,23395,Yes,4,0,53,8,Eldoret,Yes,Yes,3.46,86.5,A
S00169,Student_169,M,27,IT,MSc,4,1,84,67,46,36,6,No,Tablet,221752,No,4,6,13,14,Nakuru,Yes,No,1.96,49,D
S00170,Student_170,M,23,CS,MSc,3,2,85,64,62,80,1,No,Desktop,45623,No,11,8,134,36,Eldoret,Yes,Yes,2.9500000000000002,73.700000000000003,A
S00171,Student_171,F,32,IT,BSc,4,1,44,92,33,78,12,No,Tablet,254687,No,6,8,176,1,Nairobi,Yes,No,2.7400000000000002,68.400000000000006,B
S00172,Student_172,M,34,SE,BSc,2,2,51,84,32,85,4,No,Desktop,236241,Yes,5,4,122,43,Eldoret,No,No,2.8300000000000001,70.799999999999997,A
S00173,Student_173,M,25,SE,MSc,1,1,70,33,49,43,10,Yes,Tablet,159427,Yes,15,0,14,41,Eldoret,No,No,1.8,44.899999999999999,D
S00174,Student_174,M,18,DS,BSc,1,1,94,86,72,45,12,No,Desktop,25104,No,14,7,68,15,Mombasa,Yes,No,2.54,63.5,B
S00175,Student_175,F,26,AI,MSc,4,1,96,54,75,92,1,Yes,Desktop,269799,No,0,1,178,26,Eldoret,Yes,Yes,3.2599999999999998,81.400000000000006,A
S00176,Student_176,F,27,DS,BSc,4,1,92,63,80,23,10,Yes,Laptop,213519,Yes,4,4,32,26,Eldoret,Yes,No,1.97,49.299999999999997,D
S00177,Student_177,F,26,CS,MSc,2,2,86,73,61,28,3,No,Desktop,248487,No,12,6,57,42,Eldoret,Yes,No,1.98,49.399999999999999,D
S00178,Student_178,M,28,DS,MSc,1,1,57,79,51,71,10,Yes,Desktop,51230,Yes,11,8,83,16,Mombasa,Yes,No,2.6899999999999999,67.200000000000003,B
S00179,Student_179,F,30,DS,MSc,1,2,56,82,76,92,10,Yes,Tablet,271336,No,12,1,28,42,Nairobi,Yes,Yes,3.3300000000000001,83.200000000000003,A
S00180,Student_180,M,23,AI,MSc,1,1,55,31,36,62,6,No,Laptop,115922,Yes,2,4,124,37,Nakuru,Yes,No,2,49.899999999999999,D
S00181,Student_181,M,34,CS,MSc,2,1,52,33,53,86,6,No,Desktop,169317,Yes,11,3,73,54,Nakuru,Yes,No,2.6200000000000001,65.400000000000006,B
S00182,Student_182,M,29,SE,BSc,3,2,61,50,40,51,2,Yes,Desktop,279711,No,11,4,1,17,Nairobi,Yes,No,1.98,49.600000000000001,D
S00183,Student_183,M,26,IT,BSc,2,2,68,39,73,29,12,Yes,Tablet,33216,Yes,10,4,60,28,Kisumu,Yes,No,1.75,43.700000000000003,D
S00184,Student_184,M,24,DS,MSc,1,2,66,82,86,60,7,Yes,Laptop,257354,Yes,3,1,183,31,Mombasa,Yes,Yes,2.8100000000000001,70.200000000000003,A
S00185,Student_185,M,28,DS,MSc,2,1,48,53,43,82,3,Yes,Desktop,67754,No,4,5,159,23,Eldoret,Yes,No,2.6000000000000001,65,B
S00186,Student_186,M,25,IT,BSc,1,1,83,92,61,86,1,Yes,Tablet,277738,No,11,7,120,31,Eldoret,Yes,Yes,3.2799999999999998,81.900000000000006,A
S00187,Student_187,M,32,SE,MSc,3,1,75,80,85,73,6,Yes,Tablet,46731,Yes,0,6,98,17,Kisumu,No,No,3.0800000000000001,77,A
S00188,Student_188,F,23,CS,MSc,1,1,88,92,50,64,11,Yes,Tablet,34668,No,3,8,34,37,Mombasa,Yes,No,2.77,69.200000000000003,B
S00189,Student_189,F,30,SE,MSc,3,1,52,31,41,53,8,No,Laptop,67084,No,8,8,106,41,Kisumu,Yes,No,1.8400000000000001,46.100000000000001,D
S00190,Student_190,F,25,AI,BSc,3,2,49,71,38,86,7,Yes,Laptop,169821,Yes,7,6,190,27,Nairobi,Yes,No,2.79,69.700000000000003,B
S00191,Student_191,F,35,CS,BSc,3,1,84,89,60,80,1,Yes,Desktop,178367,No,1,2,171,30,Eldoret,Yes,Yes,3.1299999999999999,78.200000000000003,A
S00192,Student_192,F,31,DS,BSc,4,2,59,70,54,88,12,Yes,Laptop,55981,No,14,7,63,3,Nakuru,Yes,Yes,2.9900000000000002,74.700000000000003,A
S00193,Student_193,F,20,CS,BSc,2,2,75,63,46,51,9,Yes,Laptop,197555,No,8,8,71,31,Kisumu,Yes,No,2.1899999999999999,54.799999999999997,C
S00194,Student_194,M,26,CS,BSc,2,1,56,43,28,27,11,No,Desktop,21527,Yes,15,0,174,36,Eldoret,Yes,No,1.3300000000000001,33.299999999999997,F
S00195,Student_195,M,22,SE,MSc,2,2,100,100,27,97,3,No,Desktop,252985,Yes,4,8,161,27,Eldoret,Yes,Yes,3.3599999999999999,83.900000000000006,A
S00196,Student_196,M,35,SE,MSc,4,2,55,78,42,86,3,Yes,Desktop,191113,No,10,4,171,2,Eldoret,Yes,Yes,2.8999999999999999,72.5,A
S00197,Student_197,F,25,SE,BSc,3,1,79,63,64,100,9,No,Tablet,190971,No,2,0,73,35,Kisumu,Yes,Yes,3.3300000000000001,83.299999999999997,A
S00198,Student_198,F,32,IT,BSc,3,1,42,97,74,89,9,Yes,Tablet,202802,No,14,5,58,36,Nakuru,Yes,Yes,3.3199999999999998,82.900000000000006,A
S00199,Student_199,M,22,IT,BSc,4,1,73,66,52,95,12,Yes,Desktop,117301,No,0,2,12,24,Nairobi,No,No,3.1400000000000001,78.400000000000006,A
S00200,Student_200,M,29,DS,BSc,2,2,57,52,35,64,1,No,Desktop,26462,Yes,1,3,161,47,Nakuru,Yes,No,2.2000000000000002,55.100000000000001,C
S00201,Student_201,M,18,IT,BSc,1,1,78,62,75,54,5,Yes,Laptop,35850,Yes,15,1,33,41,Nakuru,Yes,No,2.4900000000000002,62.200000000000003,B
S00202,Student_202,F,22,AI,BSc,1,1,78,90,58,86,1,Yes,Tablet,220651,No,9,7,22,44,Kisumu,Yes,Yes,3.2200000000000002,80.400000000000006,A
S00203,Student_203,F,27,IT,MSc,2,1,42,78,27,84,11,No,Laptop,188124,No,0,2,128,57,Mombasa,No,No,2.6899999999999999,67.200000000000003,B
S00204,Student_204,F,26,AI,BSc,2,2,95,78,54,93,7,No,Tablet,188218,No,0,4,140,44,Eldoret,Yes,Yes,3.2999999999999998,82.400000000000006,A
S00205,Student_205,M,26,AI,BSc,1,1,97,89,43,75,3,No,Desktop,151875,Yes,6,5,127,24,Eldoret,No,No,2.9399999999999999,73.599999999999994,A
S00206,Student_206,F,30,SE,MSc,1,2,97,87,86,87,3,No,Desktop,197536,Yes,0,7,180,15,Nakuru,Yes,Yes,3.5099999999999998,87.799999999999997,A
S00207,Student_207,F,31,AI,MSc,2,1,59,50,73,70,3,No,Laptop,141731,Yes,14,0,190,6,Nakuru,Yes,No,2.6200000000000001,65.5,B
S00208,Student_208,F,34,DS,MSc,4,1,76,58,41,40,12,No,Desktop,120118,Yes,7,8,21,5,Eldoret,Yes,No,1.8999999999999999,47.399999999999999,D
S00209,Student_209,F,24,IT,BSc,1,2,54,98,39,23,9,Yes,Desktop,118587,No,13,7,171,1,Nakuru,Yes,No,1.77,44.299999999999997,D
S00210,Student_210,F,19,CS,MSc,1,2,88,68,26,53,1,Yes,Laptop,30836,Yes,8,5,126,10,Mombasa,No,No,2.1600000000000001,54.100000000000001,C
S00211,Student_211,M,32,DS,MSc,3,2,66,38,60,52,4,Yes,Desktop,190720,No,4,1,99,44,Nairobi,Yes,No,2.0899999999999999,52.200000000000003,C
S00212,Student_212,M,25,IT,MSc,1,2,94,94,93,79,8,Yes,Desktop,75335,Yes,15,7,46,12,Nakuru,Yes,Yes,3.4500000000000002,86.299999999999997,A
S00213,Student_213,F,33,SE,BSc,2,2,54,96,74,42,8,Yes,Tablet,76608,Yes,15,4,61,59,Kisumu,Yes,No,2.4199999999999999,60.399999999999999,B
S00214,Student_214,F,34,SE,MSc,3,1,84,58,30,92,6,Yes,Laptop,292025,Yes,15,0,9,49,Nakuru,No,No,2.8799999999999999,72,A
S00215,Student_215,M,22,DS,MSc,3,1,94,47,28,88,9,No,Desktop,221562,No,12,1,172,36,Mombasa,Yes,No,2.7400000000000002,68.400000000000006,B
S00216,Student_216,M,18,DS,BSc,3,1,91,36,51,50,9,No,Tablet,83845,Yes,9,4,163,5,Kisumu,Yes,No,2.0600000000000001,51.5,C
S00217,Student_217,M,21,IT,BSc,2,1,78,55,86,49,8,No,Desktop,82910,Yes,0,1,76,28,Kisumu,Yes,No,2.4199999999999999,60.5,B
S00218,Student_218,M,34,CS,MSc,1,1,44,94,57,22,4,No,Tablet,50647,Yes,1,0,68,17,Nakuru,Yes,No,1.8200000000000001,45.600000000000001,D
S00219,Student_219,M,23,SE,BSc,3,2,54,56,31,50,7,No,Laptop,202886,No,7,1,28,17,Nairobi,Yes,No,1.9099999999999999,47.799999999999997,D
S00220,Student_220,M,22,CS,MSc,1,1,51,47,95,38,5,No,Desktop,37414,No,8,6,49,2,Nairobi,Yes,No,2.1000000000000001,52.5,C
S00221,Student_221,F,21,CS,BSc,4,2,43,66,38,42,1,No,Desktop,186657,Yes,7,0,200,58,Eldoret,Yes,No,1.8400000000000001,46.100000000000001,D
S00222,Student_222,F,21,SE,BSc,1,2,58,70,62,55,11,No,Tablet,38008,No,7,1,74,60,Kisumu,No,No,2.3900000000000001,59.700000000000003,C
S00223,Student_223,F,22,CS,BSc,1,1,87,71,92,45,1,Yes,Desktop,22833,No,1,1,65,17,Kisumu,Yes,No,2.5499999999999998,63.799999999999997,B
S00224,Student_224,M,32,DS,BSc,4,1,59,83,80,54,6,Yes,Desktop,157932,No,1,3,145,17,Eldoret,No,No,2.6200000000000001,65.5,B
S00225,Student_225,F,31,IT,BSc,4,2,45,31,76,32,12,No,Tablet,218316,No,2,4,81,55,Eldoret,No,No,1.6799999999999999,41.899999999999999,D
S00226,Student_226,M,30,CS,BSc,2,2,68,32,76,27,6,Yes,Tablet,68542,No,15,8,134,11,Nairobi,Yes,No,1.6799999999999999,41.899999999999999,D
S00227,Student_227,F,21,DS,BSc,3,2,97,53,50,38,8,No,Tablet,236888,Yes,11,2,136,40,Eldoret,Yes,No,1.97,49.299999999999997,D
S00228,Student_228,F,32,DS,MSc,2,1,44,100,100,49,9,No,Desktop,150992,Yes,0,2,11,33,Kisumu,Yes,No,2.7599999999999998,68.900000000000006,B
S00229,Student_229,F,23,SE,MSc,2,1,40,91,98,88,3,No,Laptop,115305,Yes,12,6,87,34,Eldoret,Yes,Yes,3.4300000000000002,85.799999999999997,A
S00230,Student_230,F,19,CS,BSc,4,1,95,65,84,65,4,Yes,Tablet,142030,No,10,0,107,33,Nairobi,Yes,Yes,2.8700000000000001,71.799999999999997,A
S00231,Student_231,F,19,IT,MSc,1,2,73,46,62,92,7,No,Tablet,245613,Yes,0,0,65,12,Nairobi,No,No,3,74.900000000000006,A
S00232,Student_232,F,35,IT,BSc,4,2,59,56,74,94,6,Yes,Desktop,287157,Yes,6,3,200,25,Mombasa,No,No,3.1600000000000001,78.900000000000006,A
S00233,Student_233,M,18,DS,BSc,3,1,76,33,80,38,8,Yes,Tablet,153256,Yes,0,0,110,8,Mombasa,Yes,No,1.97,49.200000000000003,D
S00234,Student_234,F,34,IT,MSc,3,1,100,77,76,47,8,Yes,Laptop,123432,No,0,1,167,22,Nairobi,Yes,No,2.5600000000000001,64.099999999999994,B
S00235,Student_235,F,21,AI,BSc,2,1,93,74,67,99,2,No,Desktop,296461,No,5,6,51,9,Eldoret,Yes,Yes,3.48,87,A
S00236,Student_236,F,34,DS,MSc,2,1,68,40,87,33,8,Yes,Tablet,139668,No,13,6,139,53,Nakuru,Yes,No,1.95,48.700000000000003,D
S00237,Student_237,M,23,AI,MSc,1,2,88,97,37,54,10,Yes,Laptop,259045,No,8,7,100,6,Nairobi,No,No,2.5,62.600000000000001,B
S00238,Student_238,F,24,AI,MSc,2,1,94,85,53,76,12,Yes,Tablet,237503,Yes,8,8,171,47,Mombasa,Yes,Yes,3,75,A
S00239,Student_239,M,33,DS,BSc,3,1,43,39,65,60,11,No,Tablet,25459,Yes,3,7,145,13,Nairobi,Yes,No,2.2000000000000002,55.100000000000001,C
S00240,Student_240,M,25,AI,BSc,4,2,81,34,86,75,9,Yes,Desktop,218055,No,3,2,112,41,Mombasa,Yes,No,2.7799999999999998,69.599999999999994,B
S00241,Student_241,M,23,IT,MSc,4,1,64,62,28,21,1,Yes,Laptop,85697,Yes,5,6,138,51,Eldoret,Yes,No,1.3999999999999999,34.899999999999999,F
S00242,Student_242,M,21,CS,MSc,2,1,93,78,43,62,8,No,Tablet,209134,No,5,7,49,36,Nakuru,Yes,No,2.5800000000000001,64.5,B
S00243,Student_243,F,30,IT,MSc,3,1,49,59,84,99,7,No,Desktop,85466,No,12,5,96,43,Kisumu,Yes,Yes,3.3199999999999998,83,A
S00244,Student_244,M,19,CS,BSc,3,1,65,46,62,80,1,Yes,Laptop,218441,Yes,8,4,108,7,Eldoret,Yes,No,2.7200000000000002,68.099999999999994,B
S00245,Student_245,M,33,DS,BSc,2,2,46,78,83,21,1,Yes,Desktop,126525,Yes,10,7,176,16,Mombasa,No,No,1.8899999999999999,47.299999999999997,D
S00246,Student_246,F,33,AI,BSc,2,2,69,31,45,39,6,Yes,Laptop,232873,No,14,5,138,36,Kisumu,Yes,No,1.6599999999999999,41.600000000000001,D
S00247,Student_247,F,34,AI,MSc,2,1,68,40,52,47,3,Yes,Desktop,43816,No,9,1,187,6,Kisumu,Yes,No,1.95,48.700000000000003,D
S00248,Student_248,M,19,CS,BSc,2,2,73,50,84,72,11,Yes,Laptop,137295,Yes,8,2,135,58,Mombasa,Yes,No,2.7999999999999998,70.099999999999994,A
S00249,Student_249,F,35,SE,BSc,3,2,55,86,50,26,12,Yes,Laptop,195016,No,15,4,14,51,Kisumu,Yes,No,1.8300000000000001,45.700000000000003,D
S00250,Student_250,M,21,DS,MSc,2,1,70,50,84,81,1,No,Laptop,133805,Yes,11,0,76,3,Mombasa,Yes,Yes,2.9700000000000002,74.299999999999997,A
S00251,Student_251,F,30,SE,BSc,1,1,55,92,96,96,4,No,Desktop,286734,Yes,5,3,123,26,Nakuru,Yes,Yes,3.6400000000000001,91.099999999999994,A
S00252,Student_252,M,27,IT,BSc,3,2,79,85,78,70,1,Yes,Desktop,256931,Yes,7,8,127,6,Nairobi,Yes,Yes,3.02,75.5,A
S00253,Student_253,F,33,AI,BSc,3,1,67,59,49,92,2,No,Laptop,137586,No,15,1,65,45,Nairobi,Yes,Yes,2.9700000000000002,74.299999999999997,A
S00254,Student_254,M,22,CS,BSc,4,1,81,58,40,28,11,Yes,Desktop,174271,Yes,0,3,69,19,Nairobi,Yes,No,1.6699999999999999,41.700000000000003,D
S00255,Student_255,F,20,DS,BSc,3,1,83,77,97,30,10,No,Tablet,286837,Yes,12,4,171,26,Mombasa,No,No,2.3199999999999998,58.100000000000001,C
S00256,Student_256,M,24,AI,MSc,1,2,51,72,84,93,11,No,Tablet,242043,No,7,3,139,38,Eldoret,No,No,3.3100000000000001,82.799999999999997,A
S00257,Student_257,M,35,AI,MSc,2,2,87,66,27,40,6,Yes,Desktop,45844,Yes,6,6,40,57,Nairobi,No,No,1.8899999999999999,47.299999999999997,D
S00258,Student_258,M,31,CS,MSc,4,2,73,31,26,99,8,Yes,Laptop,175664,Yes,11,5,1,53,Eldoret,Yes,No,2.73,68.200000000000003,B
S00259,Student_259,M,31,CS,BSc,4,1,97,60,33,39,5,Yes,Desktop,216276,No,9,2,10,8,Mombasa,Yes,No,1.9099999999999999,47.799999999999997,D
S00260,Student_260,F,28,SE,BSc,1,1,53,61,36,55,2,Yes,Laptop,88606,Yes,2,3,178,6,Nairobi,Yes,No,2.0899999999999999,52.200000000000003,C
S00261,Student_261,M,31,IT,MSc,3,2,57,38,78,84,8,No,Tablet,211535,No,3,8,85,16,Mombasa,Yes,Yes,2.8399999999999999,70.900000000000006,A
S00262,Student_262,M,34,AI,MSc,3,1,89,60,65,46,6,Yes,Laptop,165795,Yes,1,3,141,36,Eldoret,No,No,2.2799999999999998,56.899999999999999,C
S00263,Student_263,F,25,IT,MSc,3,1,58,77,84,89,9,No,Laptop,104896,Yes,13,4,125,16,Mombasa,Yes,Yes,3.2999999999999998,82.5,A
S00264,Student_264,F,28,CS,MSc,1,1,84,42,74,57,2,No,Laptop,68839,Yes,10,2,22,9,Nairobi,No,No,2.3999999999999999,60.100000000000001,B
S00265,Student_265,F,33,CS,BSc,2,2,99,69,80,34,4,Yes,Desktop,82649,Yes,15,7,133,57,Eldoret,Yes,No,2.27,56.700000000000003,C
S00266,Student_266,M,26,CS,BSc,3,2,75,47,70,25,3,No,Desktop,59609,Yes,5,0,113,48,Nairobi,No,No,1.74,43.399999999999999,D
S00267,Student_267,F,23,DS,MSc,1,2,100,52,94,98,4,Yes,Desktop,156026,No,5,5,25,48,Kisumu,Yes,Yes,3.5299999999999998,88.200000000000003,A
S00268,Student_268,F,33,CS,MSc,3,1,73,70,47,20,3,Yes,Laptop,298446,Yes,8,7,180,30,Mombasa,Yes,No,1.6299999999999999,40.700000000000003,D
S00269,Student_269,M,28,DS,BSc,4,2,90,47,63,75,3,No,Tablet,59805,No,13,2,134,40,Mombasa,Yes,No,2.7400000000000002,68.5,B
S00270,Student_270,M,33,IT,BSc,3,2,80,79,64,84,5,Yes,Desktop,60969,Yes,12,1,173,39,Kisumu,Yes,Yes,3.1400000000000001,78.599999999999994,A
S00271,Student_271,M,31,DS,BSc,2,1,64,81,62,90,6,Yes,Laptop,167230,No,10,8,87,48,Kisumu,Yes,Yes,3.2000000000000002,80,A
S00272,Student_272,M,30,IT,BSc,3,1,64,83,39,24,4,Yes,Tablet,244726,No,14,8,71,26,Nakuru,Yes,No,1.71,42.799999999999997,D
S00273,Student_273,M,25,AI,BSc,3,1,56,85,69,33,11,No,Desktop,165251,Yes,6,8,19,54,Nakuru,Yes,No,2.1200000000000001,52.899999999999999,C
S00274,Student_274,F,19,CS,BSc,2,2,80,88,31,27,8,No,Tablet,178822,Yes,6,6,75,17,Nairobi,Yes,No,1.8100000000000001,45.299999999999997,D
S00275,Student_275,F,31,IT,MSc,1,1,66,36,62,25,4,Yes,Tablet,298481,No,5,2,167,38,Mombasa,Yes,No,1.55,38.700000000000003,F
S00276,Student_276,F,22,SE,MSc,3,1,84,83,44,96,6,Yes,Laptop,35970,No,14,4,77,24,Kisumu,Yes,Yes,3.27,81.799999999999997,A
S00277,Student_277,M,18,CS,BSc,3,1,84,53,88,24,10,No,Desktop,72699,No,8,5,67,57,Nairobi,No,No,1.9399999999999999,48.600000000000001,D
S00278,Student_278,F,34,IT,MSc,2,2,57,50,67,91,3,No,Tablet,51416,No,0,4,64,40,Mombasa,Yes,Yes,2.98,74.599999999999994,A
S00279,Student_279,M,25,DS,MSc,2,2,54,86,81,29,2,Yes,Desktop,239807,No,13,1,86,30,Kisumu,Yes,No,2.1299999999999999,53.299999999999997,C
S00280,Student_280,F,32,AI,MSc,3,1,84,68,47,52,8,Yes,Desktop,183800,No,13,0,123,49,Eldoret,Yes,No,2.2999999999999998,57.399999999999999,C
S00281,Student_281,F,20,CS,MSc,3,2,50,48,31,78,10,No,Desktop,210577,No,12,8,106,9,Nakuru,No,No,2.3900000000000001,59.799999999999997,C
S00282,Student_282,F,18,AI,MSc,4,2,51,52,42,47,1,No,Tablet,204815,No,12,1,168,56,Eldoret,Yes,No,1.8999999999999999,47.399999999999999,D
S00283,Student_283,F,22,DS,MSc,2,1,74,72,27,92,2,No,Tablet,256791,No,0,1,196,3,Kisumu,Yes,Yes,2.9300000000000002,73.200000000000003,A
S00284,Student_284,F,33,CS,BSc,2,2,71,41,93,69,2,Yes,Tablet,99174,Yes,15,3,144,3,Nakuru,Yes,No,2.7400000000000002,68.400000000000006,B
S00285,Student_285,M,27,SE,MSc,4,2,51,52,28,95,1,Yes,Tablet,109692,Yes,13,0,190,9,Eldoret,No,No,2.7400000000000002,68.599999999999994,B
S00286,Student_286,M,18,DS,BSc,1,1,51,72,76,30,5,Yes,Desktop,180122,Yes,4,4,19,45,Nairobi,Yes,No,1.99,49.700000000000003,D
S00287,Student_287,M,35,AI,MSc,1,2,73,72,99,67,10,No,Tablet,83091,Yes,6,5,9,16,Nakuru,Yes,Yes,3,75,A
S00288,Student_288,M,31,AI,BSc,2,2,44,88,44,56,10,Yes,Tablet,286735,Yes,15,2,167,57,Nakuru,Yes,No,2.3500000000000001,58.799999999999997,C
S00289,Student_289,F,35,AI,BSc,2,1,65,52,71,98,4,No,Laptop,69755,No,4,5,91,21,Nairobi,Yes,Yes,3.2000000000000002,80.099999999999994,A
S00290,Student_290,F,29,CS,MSc,3,2,93,93,81,64,8,No,Laptop,298675,No,15,2,127,27,Nakuru,Yes,Yes,3.04,76.099999999999994,A
S00291,Student_291,M,29,SE,BSc,2,1,74,46,29,55,7,No,Tablet,239568,Yes,6,5,173,55,Nairobi,No,No,2,49.899999999999999,D
S00292,Student_292,F,30,SE,BSc,4,2,51,87,27,93,11,Yes,Tablet,278348,Yes,5,5,66,30,Nairobi,Yes,Yes,2.98,74.400000000000006,A
S00293,Student_293,M,29,SE,BSc,4,2,89,32,36,88,6,No,Desktop,136758,Yes,9,2,86,15,Nakuru,No,No,2.6600000000000001,66.5,B
S00294,Student_294,F,31,CS,MSc,2,1,84,83,84,66,5,No,Desktop,123664,No,6,8,15,49,Eldoret,Yes,Yes,2.9900000000000002,74.799999999999997,A
S00295,Student_295,F,26,IT,MSc,2,2,47,87,91,57,11,Yes,Desktop,94230,No,3,5,195,41,Nairobi,No,No,2.75,68.799999999999997,B
S00296,Student_296,F,28,AI,MSc,1,2,73,63,54,48,5,No,Tablet,236485,No,3,5,9,24,Mombasa,No,No,2.1899999999999999,54.700000000000003,C
S00297,Student_297,F,25,SE,MSc,4,1,66,58,86,57,10,Yes,Desktop,157929,Yes,8,5,191,35,Kisumu,Yes,No,2.5600000000000001,63.899999999999999,B
S00298,Student_298,F,28,IT,BSc,1,2,63,76,91,39,8,No,Laptop,104804,Yes,2,7,38,43,Nakuru,Yes,No,2.3700000000000001,59.200000000000003,C
S00299,Student_299,F,20,AI,BSc,3,2,94,53,80,64,5,Yes,Desktop,186162,Yes,12,7,83,49,Nairobi,Yes,No,2.7200000000000002,68,B
S00300,Student_300,M,33,SE,BSc,3,2,43,47,46,22,8,No,Laptop,287143,No,14,4,193,27,Nakuru,No,No,1.3600000000000001,33.899999999999999,F
S00301,Student_301,F,25,DS,MSc,3,1,93,66,97,44,7,Yes,Laptop,283030,Yes,1,8,172,35,Kisumu,No,No,2.5600000000000001,63.899999999999999,B
S00302,Student_302,F,30,IT,MSc,2,2,45,98,28,27,9,Yes,Tablet,224468,No,4,3,10,59,Kisumu,Yes,No,1.73,43.200000000000003,D
S00303,Student_303,M,21,CS,MSc,4,1,69,36,84,85,2,Yes,Laptop,57320,No,6,0,55,29,Kisumu,Yes,Yes,2.9399999999999999,73.400000000000006,A
S00304,Student_304,F,18,IT,BSc,1,2,45,55,83,59,6,No,Desktop,53565,No,10,7,98,32,Mombasa,No,No,2.46,61.600000000000001,B
S00305,Student_305,F,25,AI,BSc,3,2,74,62,35,77,11,No,Desktop,228438,Yes,15,8,161,17,Nakuru,Yes,No,2.6099999999999999,65.299999999999997,B
S00306,Student_306,M,20,SE,BSc,4,1,40,57,37,28,2,Yes,Laptop,180726,Yes,6,7,105,45,Kisumu,Yes,No,1.47,36.799999999999997,F
S00307,Student_307,M,32,AI,BSc,2,1,48,73,35,78,2,Yes,Desktop,38647,Yes,8,7,82,6,Nairobi,Yes,No,2.6200000000000001,65.400000000000006,B
S00308,Student_308,F,32,DS,MSc,4,2,77,62,31,33,5,No,Desktop,50253,Yes,5,8,39,59,Mombasa,Yes,No,1.71,42.799999999999997,D
S00309,Student_309,M,27,AI,MSc,1,2,54,94,41,64,4,Yes,Tablet,293812,No,3,1,158,5,Nairobi,Yes,No,2.5800000000000001,64.400000000000006,B
S00310,Student_310,F,18,DS,BSc,1,1,93,90,92,23,9,No,Desktop,208799,Yes,11,8,1,44,Kisumu,Yes,No,2.29,57.200000000000003,C
S00311,Student_311,M,33,DS,MSc,3,2,86,62,66,74,10,Yes,Tablet,203505,No,6,2,132,1,Eldoret,Yes,Yes,2.8500000000000001,71.200000000000003,A
S00312,Student_312,F,20,AI,BSc,1,2,65,86,40,38,6,No,Desktop,238689,No,2,3,19,4,Nairobi,No,No,2.0299999999999998,50.700000000000003,C
S00313,Student_313,M,35,CS,MSc,3,1,54,94,94,55,4,No,Desktop,260608,No,12,5,42,19,Nakuru,Yes,Yes,2.8199999999999998,70.5,A
S00314,Student_314,M,25,AI,BSc,3,2,85,69,100,65,10,Yes,Desktop,53234,Yes,11,3,188,52,Kisumu,Yes,Yes,2.9900000000000002,74.799999999999997,A
S00315,Student_315,M,21,CS,BSc,2,2,82,52,49,35,5,Yes,Desktop,260230,No,2,7,195,39,Eldoret,No,No,1.8400000000000001,45.899999999999999,D
S00316,Student_316,M,35,AI,BSc,3,2,47,37,65,59,8,Yes,Laptop,179978,No,5,2,157,12,Mombasa,Yes,No,2.1800000000000002,54.600000000000001,C
S00317,Student_317,F,23,CS,MSc,4,1,58,57,70,27,9,Yes,Laptop,169187,No,4,4,97,44,Nairobi,Yes,No,1.79,44.700000000000003,D
S00318,Student_318,F,23,SE,BSc,4,1,78,52,93,36,11,Yes,Desktop,119684,Yes,9,0,78,45,Eldoret,Yes,No,2.1899999999999999,54.799999999999997,C
S00319,Student_319,F,22,SE,MSc,2,2,43,95,91,74,12,Yes,Laptop,280932,Yes,15,4,179,3,Nakuru,Yes,Yes,3.1400000000000001,78.5,A
S00320,Student_320,F,29,AI,MSc,4,2,83,92,27,34,2,No,Laptop,188679,No,12,2,193,22,Kisumu,No,No,1.96,49.100000000000001,D
S00321,Student_321,F,21,AI,BSc,2,1,50,67,92,92,7,Yes,Tablet,140155,Yes,7,4,163,40,Nairobi,No,No,3.3100000000000001,82.799999999999997,A
S00322,Student_322,M,29,DS,BSc,2,2,76,38,90,95,5,Yes,Desktop,139537,No,1,1,154,17,Nakuru,Yes,Yes,3.23,80.700000000000003,A
S00323,Student_323,M,27,IT,MSc,4,1,50,46,61,43,1,Yes,Laptop,101794,No,7,7,127,18,Mombasa,Yes,No,1.9199999999999999,47.899999999999999,D
S00324,Student_324,F,35,SE,BSc,4,1,85,48,77,72,8,Yes,Desktop,182609,No,7,3,12,53,Eldoret,Yes,No,2.7799999999999998,69.5,B
S00325,Student_325,F,27,SE,MSc,2,1,99,47,66,89,3,Yes,Desktop,240962,Yes,13,0,65,1,Eldoret,No,No,3.0800000000000001,77,A
S00326,Student_326,M,32,CS,MSc,3,1,65,39,57,69,1,Yes,Desktop,66664,Yes,6,2,129,12,Eldoret,No,No,2.4100000000000001,60.200000000000003,B
S00327,Student_327,M,21,AI,MSc,1,2,80,46,61,70,4,Yes,Tablet,166368,No,7,1,7,17,Eldoret,Yes,No,2.5800000000000001,64.400000000000006,B
S00328,Student_328,F,33,AI,BSc,3,1,70,67,72,78,10,No,Laptop,285015,No,4,6,30,35,Nairobi,Yes,Yes,2.9500000000000002,73.799999999999997,A
S00329,Student_329,F,20,IT,MSc,4,2,67,68,33,38,12,No,Laptop,36998,Yes,7,3,67,1,Nakuru,Yes,No,1.8400000000000001,45.899999999999999,D
S00330,Student_330,M,21,AI,BSc,2,2,47,73,67,29,11,Yes,Desktop,141780,No,2,8,153,52,Nakuru,Yes,No,1.8899999999999999,47.200000000000003,D
S00331,Student_331,F,25,AI,MSc,3,1,77,38,46,79,10,No,Laptop,296014,Yes,1,2,25,33,Nakuru,Yes,No,2.5600000000000001,64,B
S00332,Student_332,F,25,IT,MSc,1,1,65,32,83,40,11,Yes,Tablet,251598,Yes,5,1,106,27,Nairobi,Yes,No,1.98,49.5,D
S00333,Student_333,F,27,IT,MSc,2,1,57,37,30,80,8,No,Laptop,257759,Yes,2,7,200,58,Mombasa,No,No,2.3599999999999999,59.100000000000001,C
S00334,Student_334,M,32,SE,MSc,4,1,91,61,69,38,8,Yes,Tablet,84841,Yes,9,2,27,42,Kisumu,Yes,No,2.1600000000000001,54.100000000000001,C
S00335,Student_335,M,34,DS,MSc,1,2,78,41,41,31,1,Yes,Laptop,180152,No,14,6,100,22,Nairobi,Yes,No,1.5900000000000001,39.700000000000003,F
S00336,Student_336,M,27,IT,BSc,1,1,79,79,92,43,6,No,Tablet,153265,Yes,0,1,73,30,Mombasa,Yes,No,2.54,63.600000000000001,B
S00337,Student_337,M,32,SE,BSc,4,2,62,54,54,44,11,No,Laptop,51736,No,10,3,6,55,Nakuru,Yes,No,1.99,49.799999999999997,D
S00338,Student_338,F,19,DS,MSc,4,1,42,100,34,84,7,Yes,Laptop,222377,Yes,4,2,28,52,Kisumu,Yes,Yes,2.9199999999999999,73,A
S00339,Student_339,F,18,CS,MSc,4,2,65,77,53,96,3,Yes,Laptop,79315,Yes,11,0,87,19,Eldoret,Yes,Yes,3.2200000000000002,80.5,A
S00340,Student_340,M,32,CS,BSc,2,2,82,83,55,25,1,No,Tablet,106399,Yes,1,0,124,26,Nakuru,Yes,No,1.9299999999999999,48.299999999999997,D
S00341,Student_341,M,34,IT,MSc,1,1,100,85,38,43,9,Yes,Tablet,296027,No,6,7,65,52,Eldoret,Yes,No,2.2400000000000002,56.100000000000001,C
S00342,Student_342,M,34,DS,MSc,2,1,79,68,70,79,4,Yes,Laptop,46787,No,13,7,163,50,Nairobi,Yes,Yes,3,75,A
S00343,Student_343,M,18,DS,MSc,3,2,80,43,26,100,7,Yes,Laptop,101789,No,0,0,122,42,Kisumu,No,No,2.8700000000000001,71.799999999999997,A
S00344,Student_344,M,26,CS,BSc,1,2,93,57,68,35,11,No,Desktop,98240,No,5,4,195,39,Eldoret,Yes,No,2.0699999999999998,51.799999999999997,C
S00345,Student_345,F,27,SE,MSc,2,2,68,46,96,38,10,No,Desktop,296816,No,2,2,181,60,Mombasa,Yes,No,2.1699999999999999,54.200000000000003,C
S00346,Student_346,M,29,IT,MSc,4,1,59,58,64,91,10,No,Laptop,226382,No,11,1,123,31,Nairobi,Yes,Yes,3.0299999999999998,75.799999999999997,A
S00347,Student_347,M,31,IT,MSc,1,2,51,95,58,29,4,Yes,Desktop,132956,No,3,5,188,13,Nakuru,Yes,No,2.0099999999999998,50.200000000000003,C
S00348,Student_348,M,30,DS,MSc,1,2,81,74,96,82,3,No,Laptop,186168,No,1,7,142,52,Mombasa,Yes,Yes,3.3199999999999998,83.099999999999994,A
S00349,Student_349,F,27,CS,MSc,1,1,60,58,25,91,12,Yes,Tablet,182701,Yes,3,1,27,55,Nakuru,Yes,No,2.7200000000000002,68.099999999999994,B
S00350,Student_350,M,34,DS,BSc,4,1,57,34,26,88,2,No,Desktop,236857,Yes,7,2,76,3,Mombasa,Yes,No,2.4700000000000002,61.700000000000003,B
S00351,Student_351,F,18,AI,BSc,4,1,70,94,81,41,2,Yes,Laptop,179424,Yes,5,3,185,24,Mombasa,Yes,No,2.5,62.5,B
S00352,Student_352,M,23,DS,MSc,4,2,49,42,94,52,3,Yes,Desktop,202488,Yes,15,7,198,57,Nairobi,Yes,No,2.3199999999999998,58.100000000000001,C
S00353,Student_353,F,31,AI,BSc,4,2,82,100,72,91,2,No,Desktop,124421,Yes,2,5,16,8,Mombasa,Yes,Yes,3.52,88.099999999999994,A
S00354,Student_354,M,18,AI,BSc,1,1,44,84,59,40,6,No,Desktop,48858,No,11,4,170,57,Kisumu,Yes,No,2.1200000000000001,53,C
S00355,Student_355,F,18,CS,BSc,2,1,65,81,88,98,4,Yes,Laptop,231477,Yes,11,7,82,7,Eldoret,No,No,3.5699999999999998,89.299999999999997,A
S00356,Student_356,F,22,AI,MSc,1,2,98,100,70,90,6,Yes,Desktop,178593,No,4,0,23,24,Mombasa,Yes,Yes,3.5499999999999998,88.799999999999997,A
S00357,Student_357,M,19,IT,BSc,1,1,57,57,60,93,4,No,Laptop,251510,Yes,3,2,160,25,Mombasa,Yes,Yes,3.02,75.599999999999994,A
S00358,Student_358,F,31,CS,MSc,2,2,92,89,76,47,10,No,Tablet,25274,No,15,8,115,13,Nakuru,Yes,No,2.6299999999999999,65.700000000000003,B
S00359,Student_359,F,24,SE,BSc,2,2,50,69,43,52,6,No,Tablet,211844,No,3,7,172,1,Kisumu,No,No,2.1400000000000001,53.399999999999999,C
S00360,Student_360,F,32,IT,BSc,2,1,87,82,38,49,7,No,Laptop,253658,Yes,7,7,33,29,Eldoret,Yes,No,2.29,57.200000000000003,C
S00361,Student_361,M,20,SE,BSc,4,1,57,57,75,97,5,Yes,Tablet,103126,No,10,2,46,24,Kisumu,Yes,Yes,3.2200000000000002,80.599999999999994,A
S00362,Student_362,M,21,AI,MSc,1,1,100,44,25,56,9,Yes,Tablet,282703,Yes,10,6,78,31,Eldoret,Yes,No,2.0699999999999998,51.799999999999997,C
S00363,Student_363,F,23,CS,BSc,3,2,73,34,96,69,1,Yes,Tablet,201720,Yes,12,1,147,26,Kisumu,Yes,No,2.71,67.799999999999997,B
S00364,Student_364,F,27,SE,BSc,4,2,93,30,100,80,3,No,Tablet,274438,Yes,1,1,31,58,Kisumu,Yes,Yes,3.0099999999999998,75.299999999999997,A
S00365,Student_365,M,34,SE,BSc,1,2,74,99,59,45,4,Yes,Laptop,240275,No,6,1,52,52,Eldoret,No,No,2.46,61.5,B
S00366,Student_366,F,31,SE,MSc,2,1,65,61,33,45,1,Yes,Tablet,127396,No,15,8,109,50,Kisumu,Yes,No,1.9099999999999999,47.799999999999997,D
S00367,Student_367,M,24,DS,MSc,3,1,79,81,45,77,7,Yes,Laptop,282643,No,0,1,32,41,Nakuru,Yes,Yes,2.8599999999999999,71.599999999999994,A
S00368,Student_368,F,23,IT,MSc,2,2,97,63,88,32,7,No,Laptop,169812,No,8,1,197,17,Eldoret,Yes,No,2.2400000000000002,55.899999999999999,C
S00369,Student_369,F,25,IT,MSc,1,2,70,96,36,38,1,Yes,Laptop,94763,No,12,5,24,50,Eldoret,No,No,2.1000000000000001,52.399999999999999,C
S00370,Student_370,M,22,CS,MSc,4,2,90,91,52,87,5,Yes,Tablet,267532,Yes,1,4,35,50,Nakuru,Yes,Yes,3.2400000000000002,81.099999999999994,A
S00371,Student_371,F,33,IT,BSc,3,1,83,69,63,41,4,Yes,Tablet,149853,Yes,6,8,46,31,Eldoret,Yes,No,2.21,55.200000000000003,C
S00372,Student_372,F,18,SE,BSc,2,1,42,42,52,45,12,Yes,Desktop,211404,No,12,1,51,33,Eldoret,Yes,No,1.8200000000000001,45.5,D
S00373,Student_373,M,24,SE,BSc,1,1,90,76,45,48,12,No,Desktop,242829,Yes,4,6,78,11,Eldoret,Yes,No,2.29,57.200000000000003,C
S00374,Student_374,M,23,DS,MSc,2,2,58,75,52,60,10,Yes,Tablet,217361,No,12,4,106,20,Nakuru,No,No,2.4500000000000002,61.200000000000003,B
S00375,Student_375,F,22,IT,MSc,4,1,56,88,42,31,6,Yes,Desktop,170989,Yes,12,1,168,8,Mombasa,No,No,1.8799999999999999,47.100000000000001,D
S00376,Student_376,F,28,AI,BSc,3,1,86,59,56,74,7,No,Tablet,113625,Yes,11,3,25,4,Nakuru,Yes,No,2.7400000000000002,68.599999999999994,B
S00377,Student_377,M,24,SE,BSc,4,1,100,53,29,48,3,Yes,Laptop,232203,No,15,5,62,25,Nakuru,Yes,No,2.02,50.399999999999999,C
S00378,Student_378,F,28,CS,MSc,1,2,82,36,93,47,7,No,Tablet,80618,No,1,2,77,9,Nakuru,Yes,No,2.2999999999999998,57.5,C
S00379,Student_379,M,24,AI,BSc,2,2,47,33,37,25,12,No,Laptop,118350,Yes,9,6,139,24,Kisumu,Yes,No,1.25,31.199999999999999,F
S00380,Student_380,M,19,DS,MSc,4,1,56,46,55,41,8,No,Tablet,32898,No,11,5,98,9,Mombasa,Yes,No,1.8500000000000001,46.299999999999997,D
S00381,Student_381,F,20,CS,MSc,4,1,94,91,25,33,5,Yes,Laptop,118519,No,10,2,55,55,Eldoret,Yes,No,1.96,49.100000000000001,D
S00382,Student_382,M,35,AI,BSc,4,1,97,33,32,55,2,Yes,Laptop,148801,No,0,4,139,7,Kisumu,Yes,No,2.0099999999999998,50.200000000000003,C
S00383,Student_383,F,20,IT,MSc,3,1,56,80,98,49,1,No,Desktop,240645,No,14,3,5,4,Nairobi,Yes,No,2.6299999999999999,65.700000000000003,B
S00384,Student_384,F,26,DS,MSc,1,1,81,62,68,51,12,No,Tablet,151424,Yes,13,7,37,28,Kisumu,Yes,No,2.3799999999999999,59.600000000000001,C
S00385,Student_385,F,24,AI,MSc,2,1,75,57,62,80,4,No,Desktop,59548,Yes,14,1,38,56,Nairobi,Yes,Yes,2.8500000000000001,71.299999999999997,A
S00386,Student_386,F,35,DS,BSc,2,2,80,64,64,75,2,Yes,Laptop,105107,Yes,12,6,124,7,Nakuru,Yes,Yes,2.8399999999999999,71.099999999999994,A
S00387,Student_387,F,23,IT,MSc,3,1,43,48,60,61,1,Yes,Desktop,215998,Yes,15,6,70,28,Nakuru,No,No,2.2599999999999998,56.399999999999999,C
S00388,Student_388,F,26,AI,BSc,3,2,66,86,80,99,10,No,Desktop,271639,Yes,1,3,157,16,Nairobi,Yes,Yes,3.5699999999999998,89.299999999999997,A
S00389,Student_389,F,35,SE,MSc,4,2,64,55,40,79,12,No,Desktop,261505,No,8,1,129,5,Nairobi,Yes,No,2.6000000000000001,64.900000000000006,B
S00390,Student_390,M,18,SE,MSc,1,2,78,62,69,76,1,Yes,Desktop,174597,No,1,5,64,26,Kisumu,Yes,Yes,2.8799999999999999,72,A
S00391,Student_391,M,19,CS,MSc,4,1,79,76,56,56,6,No,Laptop,22489,Yes,4,8,93,10,Nairobi,No,No,2.4900000000000002,62.299999999999997,B
S00392,Student_392,F,27,CS,BSc,2,1,75,39,49,77,8,No,Laptop,191954,No,5,7,167,59,Eldoret,Yes,No,2.54,63.600000000000001,B
S00393,Student_393,M,29,IT,BSc,1,1,68,92,38,72,9,Yes,Tablet,156347,No,5,7,192,43,Nakuru,No,No,2.75,68.799999999999997,B
S00394,Student_394,M,19,IT,MSc,1,2,75,42,42,45,7,Yes,Laptop,246432,No,9,3,128,26,Kisumu,Yes,No,1.8700000000000001,46.799999999999997,D
S00395,Student_395,M,28,AI,MSc,1,2,67,60,82,38,6,No,Tablet,199031,Yes,2,0,78,40,Eldoret,Yes,No,2.1600000000000001,54.100000000000001,C
S00396,Student_396,M,27,CS,BSc,4,1,63,70,39,45,8,Yes,Laptop,212887,No,11,4,196,60,Nakuru,Yes,No,2.02,50.600000000000001,C
S00397,Student_397,F,31,CS,MSc,3,1,71,42,33,86,1,Yes,Desktop,68412,Yes,1,7,63,49,Nairobi,Yes,No,2.6000000000000001,65.099999999999994,B
S00398,Student_398,F,30,CS,BSc,1,2,78,81,99,23,3,Yes,Laptop,220165,No,7,5,38,30,Nairobi,Yes,No,2.21,55.299999999999997,C
S00399,Student_399,M,27,AI,MSc,3,1,85,100,30,54,7,Yes,Desktop,95805,Yes,6,4,73,33,Nakuru,No,No,2.46,61.5,B
S00400,Student_400,F,28,CS,MSc,3,2,93,80,56,46,7,No,Desktop,215277,No,6,0,18,5,Nairobi,Yes,No,2.3799999999999999,59.5,C
S00401,Student_401,M,31,DS,BSc,1,2,48,78,72,99,1,Yes,Desktop,175550,No,5,4,43,13,Nairobi,Yes,Yes,3.3700000000000001,84.299999999999997,A
S00402,Student_402,M,32,DS,BSc,2,1,67,55,39,64,12,No,Tablet,38056,Yes,11,4,94,10,Kisumu,Yes,No,2.2999999999999998,57.5,C
S00403,Student_403,M,33,CS,MSc,1,2,51,87,76,66,4,Yes,Desktop,245515,No,8,7,182,24,Nairobi,No,No,2.8300000000000001,70.700000000000003,A
S00404,Student_404,M,33,CS,MSc,1,2,49,63,44,81,8,Yes,Tablet,152012,No,1,1,55,39,Kisumu,Yes,No,2.6699999999999999,66.799999999999997,B
S00405,Student_405,M,18,CS,BSc,3,1,59,30,92,38,6,Yes,Laptop,145592,No,15,0,81,30,Kisumu,Yes,No,1.97,49.299999999999997,D
S00406,Student_406,F,26,AI,BSc,4,1,73,98,72,37,7,Yes,Laptop,77074,Yes,1,8,6,30,Nakuru,Yes,No,2.3900000000000001,59.799999999999997,C
S00407,Student_407,F,24,DS,BSc,4,1,66,55,54,62,8,No,Tablet,90192,Yes,8,4,167,18,Kisumu,Yes,No,2.3799999999999999,59.399999999999999,C
S00408,Student_408,F,25,DS,MSc,3,1,85,46,36,49,1,Yes,Tablet,263357,No,6,8,73,44,Mombasa,Yes,No,1.98,49.399999999999999,D
S00409,Student_409,M,25,DS,MSc,3,1,41,78,49,92,10,Yes,Laptop,169611,Yes,3,4,74,16,Eldoret,Yes,Yes,3.02,75.5,A
S00410,Student_410,M,18,DS,BSc,1,1,70,30,77,59,9,Yes,Desktop,148707,No,5,7,136,47,Kisumu,Yes,No,2.3199999999999998,57.899999999999999,C
S00411,Student_411,F,28,SE,MSc,4,1,94,95,87,45,12,No,Laptop,95381,Yes,9,6,106,9,Nakuru,Yes,No,2.73,68.299999999999997,B
S00412,Student_412,F,23,IT,BSc,4,1,69,38,78,94,4,Yes,Tablet,286430,Yes,0,7,46,19,Nairobi,Yes,Yes,3.0800000000000001,77.099999999999994,A
S00413,Student_413,M,18,DS,MSc,3,2,85,77,96,50,3,Yes,Tablet,246268,Yes,11,3,194,40,Mombasa,No,No,2.7200000000000002,68.099999999999994,B
S00414,Student_414,M,27,CS,BSc,2,1,78,57,84,58,3,No,Desktop,204916,No,2,4,38,19,Kisumu,Yes,No,2.6000000000000001,65,B
S00415,Student_415,F,21,DS,MSc,3,2,52,31,99,79,1,Yes,Desktop,150853,No,12,2,84,53,Mombasa,Yes,Yes,2.8300000000000001,70.700000000000003,A
S00416,Student_416,M,31,IT,MSc,2,1,52,75,48,45,6,Yes,Desktop,145174,No,14,1,46,18,Nakuru,No,No,2.0899999999999999,52.299999999999997,C
S00417,Student_417,F,26,SE,MSc,1,2,84,84,90,94,4,No,Laptop,256789,No,8,0,54,49,Mombasa,No,No,3.6099999999999999,90.200000000000003,A
S00418,Student_418,F,26,IT,BSc,4,2,81,51,35,81,11,Yes,Laptop,260785,No,8,4,53,44,Nairobi,No,No,2.6299999999999999,65.799999999999997,B
S00419,Student_419,M,29,IT,MSc,1,2,55,47,35,23,2,No,Desktop,299745,Yes,12,2,45,45,Mombasa,Yes,No,1.3400000000000001,33.399999999999999,F
S00420,Student_420,F,28,CS,MSc,4,1,53,57,56,86,6,Yes,Laptop,282551,No,15,3,92,3,Eldoret,Yes,Yes,2.8399999999999999,70.900000000000006,A
S00421,Student_421,M,21,SE,BSc,2,1,60,42,82,59,10,Yes,Desktop,227786,Yes,13,0,2,48,Eldoret,Yes,No,2.4100000000000001,60.299999999999997,B
S00422,Student_422,F,21,AI,BSc,4,1,82,57,48,38,9,No,Tablet,108679,No,9,5,65,50,Mombasa,No,No,1.9299999999999999,48.200000000000003,D
S00423,Student_423,M,35,CS,MSc,2,2,64,52,37,94,9,No,Laptop,209216,No,8,5,166,53,Mombasa,Yes,Yes,2.8500000000000001,71.200000000000003,A
S00424,Student_424,M,28,CS,BSc,1,2,58,85,30,95,4,Yes,Desktop,293505,Yes,12,1,138,23,Nairobi,No,No,3.0499999999999998,76.299999999999997,A
S00425,Student_425,F,19,AI,BSc,1,1,74,68,62,68,11,Yes,Laptop,235839,No,8,3,168,9,Mombasa,Yes,No,2.7000000000000002,67.400000000000006,B
S00426,Student_426,F,21,SE,BSc,3,1,68,50,76,84,2,No,Desktop,226615,No,4,1,77,19,Eldoret,Yes,Yes,2.96,74,A
S00427,Student_427,M,25,IT,BSc,2,2,98,37,81,31,5,No,Tablet,64565,Yes,15,5,37,20,Nairobi,Yes,No,1.96,48.899999999999999,D
S00428,Student_428,F,21,CS,MSc,4,1,62,59,91,80,10,No,Tablet,217849,No,4,8,191,42,Nairobi,Yes,Yes,3.0499999999999998,76.200000000000003,A
S00429,Student_429,M,20,CS,BSc,4,2,88,37,26,46,5,Yes,Desktop,36230,No,2,0,117,24,Nakuru,Yes,No,1.78,44.399999999999999,D
S00430,Student_430,F,18,CS,BSc,4,2,75,47,53,91,9,Yes,Tablet,57035,Yes,4,3,20,24,Nairobi,Yes,Yes,2.9199999999999999,73,A
S00431,Student_431,F,23,SE,MSc,3,2,89,50,51,31,3,No,Tablet,182237,No,12,7,26,48,Mombasa,No,No,1.78,44.600000000000001,D
S00432,Student_432,M,31,CS,MSc,3,1,77,62,85,97,11,No,Laptop,42644,No,15,2,140,42,Mombasa,No,No,3.4199999999999999,85.599999999999994,A
S00433,Student_433,F,33,IT,BSc,3,1,44,87,82,21,7,Yes,Laptop,214665,No,12,8,186,44,Kisumu,Yes,No,1.95,48.700000000000003,D
S00434,Student_434,M,22,DS,BSc,4,1,75,70,81,29,12,Yes,Desktop,77857,No,0,8,46,13,Kisumu,Yes,No,2.0899999999999999,52.200000000000003,C
S00435,Student_435,M,29,IT,BSc,3,1,44,92,64,30,7,Yes,Laptop,110951,Yes,10,7,130,55,Nairobi,Yes,No,2.02,50.600000000000001,C
S00436,Student_436,M,26,SE,BSc,3,1,78,76,70,89,4,No,Desktop,61345,No,7,7,14,31,Kisumu,Yes,Yes,3.2599999999999998,81.5,A
S00437,Student_437,M,21,DS,MSc,4,1,72,90,56,20,4,No,Desktop,218936,Yes,15,3,129,55,Nairobi,Yes,No,1.8600000000000001,46.399999999999999,D
S00438,Student_438,F,27,AI,BSc,3,2,93,89,79,68,8,No,Laptop,115854,Yes,4,3,123,32,Eldoret,Yes,Yes,3.0800000000000001,76.900000000000006,A
S00439,Student_439,F,28,AI,BSc,4,2,98,77,30,28,2,Yes,Laptop,88510,Yes,3,8,53,26,Kisumu,Yes,No,1.8100000000000001,45.200000000000003,D
S00440,Student_440,M,18,DS,BSc,2,1,89,96,48,48,3,Yes,Tablet,271321,No,0,3,72,2,Eldoret,Yes,No,2.4700000000000002,61.700000000000003,B
S00441,Student_441,M,33,DS,MSc,1,1,89,32,35,41,2,Yes,Tablet,189070,Yes,6,5,151,5,Nairobi,Yes,No,1.71,42.799999999999997,D
S00442,Student_442,M,33,AI,BSc,4,2,99,86,72,35,12,No,Tablet,185598,Yes,0,1,47,12,Eldoret,Yes,No,2.3599999999999999,59,C
S00443,Student_443,M,27,SE,MSc,1,1,44,70,49,51,2,No,Tablet,221418,Yes,10,3,188,32,Eldoret,Yes,No,2.1499999999999999,53.700000000000003,C
S00444,Student_444,M,18,AI,MSc,4,2,91,77,67,51,7,No,Tablet,272588,Yes,7,7,86,31,Nairobi,No,No,2.54,63.399999999999999,B
S00445,Student_445,F,25,CS,BSc,3,1,63,78,66,54,4,No,Desktop,280921,Yes,1,1,38,55,Kisumu,Yes,No,2.48,62.100000000000001,B
S00446,Student_446,M,19,CS,BSc,1,2,80,78,98,87,11,No,Laptop,164821,Yes,2,0,86,20,Nakuru,Yes,Yes,3.4700000000000002,86.700000000000003,A
S00447,Student_447,M,34,AI,BSc,2,1,41,69,68,35,2,Yes,Desktop,266282,No,5,3,117,54,Nairobi,Yes,No,1.96,49,D
S00448,Student_448,M,26,SE,MSc,1,1,42,75,70,34,12,Yes,Desktop,123918,Yes,8,8,10,14,Kisumu,No,No,2.0099999999999998,50.200000000000003,C
S00449,Student_449,M,30,DS,BSc,1,2,96,83,89,68,12,No,Desktop,39662,Yes,8,7,137,44,Nakuru,No,No,3.1200000000000001,78,A
S00450,Student_450,M,33,DS,BSc,1,1,54,53,88,55,4,No,Laptop,152822,Yes,11,5,46,6,Eldoret,Yes,No,2.4399999999999999,61.100000000000001,B
S00451,Student_451,F,27,CS,BSc,1,1,95,55,39,66,8,Yes,Desktop,204563,Yes,2,6,85,28,Nairobi,No,No,2.4500000000000002,61.299999999999997,B
S00452,Student_452,F,30,IT,BSc,1,2,46,63,50,91,8,No,Tablet,65072,No,7,8,19,8,Mombasa,Yes,Yes,2.9100000000000001,72.700000000000003,A
S00453,Student_453,M,19,CS,MSc,2,1,95,54,31,89,9,No,Laptop,110183,Yes,3,6,91,32,Nakuru,Yes,Yes,2.8399999999999999,71,A
S00454,Student_454,F,22,CS,BSc,1,2,52,58,43,77,10,Yes,Desktop,111569,No,4,0,78,19,Nairobi,Yes,No,2.5600000000000001,63.899999999999999,B
S00455,Student_455,F,29,SE,MSc,4,2,81,58,62,45,2,No,Desktop,184080,No,4,0,40,8,Kisumu,Yes,No,2.1800000000000002,54.600000000000001,C
S00456,Student_456,F,22,CS,MSc,1,2,72,94,37,45,4,No,Tablet,289404,Yes,15,2,198,1,Nairobi,Yes,No,2.2400000000000002,55.899999999999999,C
S00457,Student_457,M,33,CS,MSc,3,1,66,36,93,73,4,No,Desktop,298012,No,0,1,98,42,Nakuru,Yes,No,2.7599999999999998,68.900000000000006,B
S00458,Student_458,M,32,DS,BSc,2,2,49,63,43,93,7,No,Desktop,170308,No,14,7,109,14,Nairobi,Yes,Yes,2.8999999999999999,72.599999999999994,A
S00459,Student_459,M,30,CS,BSc,3,2,70,91,49,41,3,No,Laptop,98340,No,9,7,34,10,Eldoret,Yes,No,2.2200000000000002,55.5,C
S00460,Student_460,M,34,SE,BSc,3,1,91,63,59,62,11,No,Laptop,23009,No,14,7,178,43,Eldoret,Yes,No,2.5800000000000001,64.5,B
S00461,Student_461,M,20,CS,BSc,3,1,41,30,54,44,6,Yes,Desktop,87241,Yes,11,2,15,14,Nakuru,Yes,No,1.72,42.899999999999999,D
S00462,Student_462,M,20,SE,BSc,2,1,69,52,34,75,3,No,Laptop,148131,No,9,7,189,58,Kisumu,Yes,No,2.46,61.600000000000001,B
S00463,Student_463,M,20,SE,BSc,3,1,50,75,34,85,6,No,Desktop,91919,No,7,4,107,54,Eldoret,Yes,No,2.77,69.299999999999997,B
S00464,Student_464,F,33,IT,BSc,1,1,61,39,67,28,4,Yes,Desktop,28455,Yes,1,1,60,27,Nairobi,No,No,1.6499999999999999,41.299999999999997,D
S00465,Student_465,F,25,DS,BSc,3,2,61,53,82,45,1,Yes,Desktop,295173,No,11,7,67,0,Nakuru,Yes,No,2.2200000000000002,55.600000000000001,C
S00466,Student_466,M,33,CS,MSc,2,1,89,43,30,23,6,No,Tablet,229410,No,10,5,175,51,Eldoret,Yes,No,1.3999999999999999,35,F
S00467,Student_467,F,26,SE,MSc,2,2,79,30,96,63,3,No,Desktop,153632,Yes,1,1,196,7,Mombasa,Yes,No,2.5800000000000001,64.599999999999994,B
S00468,Student_468,F,23,CS,MSc,2,2,44,63,38,29,5,Yes,Laptop,36001,Yes,7,1,127,57,Mombasa,No,No,1.5600000000000001,39.100000000000001,F
S00469,Student_469,M,22,AI,BSc,2,2,66,80,38,61,4,Yes,Laptop,214970,Yes,5,7,26,8,Kisumu,No,No,2.4300000000000002,60.700000000000003,B
S00470,Student_470,F,25,DS,MSc,4,2,97,85,89,31,7,No,Desktop,230430,Yes,2,5,157,10,Nakuru,Yes,No,2.3999999999999999,60,B
S00471,Student_471,F,23,AI,MSc,2,1,45,37,59,35,4,No,Desktop,35435,No,6,0,57,15,Mombasa,Yes,No,1.6499999999999999,41.200000000000003,D
S00472,Student_472,M,31,AI,BSc,4,1,74,70,88,64,11,No,Tablet,65791,No,6,7,53,56,Kisumu,Yes,Yes,2.8399999999999999,71,A
S00473,Student_473,F,26,DS,BSc,1,2,80,98,53,92,12,No,Laptop,281036,No,15,5,67,34,Mombasa,Yes,Yes,3.3700000000000001,84.200000000000003,A
S00474,Student_474,M,24,IT,MSc,1,1,43,98,75,76,12,Yes,Tablet,156842,No,10,6,73,5,Nairobi,Yes,Yes,3.0800000000000001,76.900000000000006,A
S00475,Student_475,M,33,IT,MSc,2,1,94,76,95,72,10,No,Desktop,37347,No,12,3,128,47,Mombasa,Yes,Yes,3.1800000000000002,79.599999999999994,A
S00476,Student_476,F,30,DS,MSc,3,2,64,86,30,32,10,No,Tablet,185583,No,7,1,42,52,Nakuru,Yes,No,1.8200000000000001,45.600000000000001,D
S00477,Student_477,F,20,IT,MSc,1,2,52,54,94,85,9,No,Desktop,35707,No,1,5,76,6,Eldoret,Yes,Yes,3.0899999999999999,77.299999999999997,A
S00478,Student_478,F,19,IT,BSc,2,1,62,93,75,83,2,Yes,Desktop,197942,Yes,2,0,61,22,Eldoret,Yes,Yes,3.25,81.299999999999997,A
S00479,Student_479,F,34,DS,MSc,4,2,97,80,36,94,9,No,Laptop,187674,Yes,14,3,97,6,Mombasa,Yes,Yes,3.2000000000000002,79.900000000000006,A
S00480,Student_480,M,33,DS,MSc,1,1,64,93,56,79,6,No,Tablet,286537,Yes,1,6,186,36,Nairobi,Yes,Yes,3.0299999999999998,75.700000000000003,A
S00481,Student_481,M,19,AI,MSc,1,1,48,78,69,32,1,No,Laptop,285330,No,1,8,135,11,Nairobi,Yes,No,2.0099999999999998,50.200000000000003,C
S00482,Student_482,F,19,SE,MSc,3,1,49,62,61,49,3,Yes,Desktop,196465,No,9,5,100,42,Kisumu,Yes,No,2.1600000000000001,54,C
S00483,Student_483,M,20,CS,BSc,3,2,52,64,43,32,6,No,Tablet,116438,Yes,9,8,128,59,Nairobi,Yes,No,1.7,42.600000000000001,D
S00484,Student_484,M,24,DS,BSc,2,1,66,61,73,28,8,Yes,Laptop,288971,Yes,4,7,109,24,Nakuru,Yes,No,1.8999999999999999,47.399999999999999,D
S00485,Student_485,F,34,AI,MSc,4,2,49,37,89,72,9,Yes,Tablet,256302,No,0,1,103,25,Nairobi,Yes,No,2.6400000000000001,66.099999999999994,B
S00486,Student_486,M,18,DS,MSc,1,1,83,44,52,88,11,Yes,Laptop,60510,Yes,8,3,169,20,Eldoret,Yes,Yes,2.8599999999999999,71.5,A
S00487,Student_487,M,31,DS,BSc,2,2,98,38,92,62,8,Yes,Tablet,88279,No,14,6,181,56,Nakuru,Yes,No,2.6699999999999999,66.799999999999997,B
S00488,Student_488,M,28,DS,MSc,2,1,64,57,37,42,8,No,Laptop,32767,Yes,2,6,44,21,Nakuru,Yes,No,1.8500000000000001,46.200000000000003,D
S00489,Student_489,M,30,DS,BSc,1,1,50,89,36,29,7,No,Desktop,213814,No,1,0,120,24,Nakuru,No,No,1.78,44.5,D
S00490,Student_490,M,35,CS,BSc,3,1,57,53,56,88,10,No,Desktop,101086,Yes,4,6,27,55,Mombasa,Yes,Yes,2.8599999999999999,71.5,A
S00491,Student_491,F,20,SE,MSc,1,1,62,91,41,38,6,Yes,Tablet,269198,No,14,2,85,31,Eldoret,Yes,No,2.0600000000000001,51.600000000000001,C
S00492,Student_492,M,33,CS,MSc,2,1,44,87,64,28,6,Yes,Laptop,201611,No,12,4,39,4,Mombasa,No,No,1.9399999999999999,48.600000000000001,D
S00493,Student_493,F,21,SE,MSc,4,2,74,92,50,33,12,No,Laptop,199730,No,3,6,199,49,Kisumu,No,No,2.0899999999999999,52.299999999999997,C
S00494,Student_494,F,20,DS,BSc,3,1,53,77,62,53,1,No,Laptop,69169,Yes,2,2,93,7,Eldoret,Yes,No,2.3799999999999999,59.600000000000001,C
S00495,Student_495,F,35,AI,MSc,1,1,95,49,36,37,8,No,Desktop,233202,No,5,8,190,16,Kisumu,Yes,No,1.8,45,D
S00496,Student_496,F,20,CS,BSc,2,2,41,73,67,27,9,No,Laptop,129200,Yes,6,7,70,12,Nakuru,Yes,No,1.8200000000000001,45.600000000000001,D
S00497,Student_497,F,20,DS,MSc,3,2,59,95,29,70,7,No,Laptop,89630,Yes,9,8,82,26,Kisumu,Yes,No,2.6299999999999999,65.700000000000003,B
S00498,Student_498,F,31,DS,BSc,4,2,99,89,45,78,2,No,Tablet,91486,No,1,8,112,50,Nakuru,Yes,Yes,3.0299999999999998,75.700000000000003,A
S00499,Student_499,F,28,DS,MSc,3,2,51,99,50,21,5,Yes,Desktop,167512,Yes,4,4,57,30,Mombasa,Yes,No,1.8200000000000001,45.399999999999999,D
S00500,Student_500,M,28,SE,MSc,4,2,78,59,47,66,8,No,Laptop,82244,No,11,3,171,43,Mombasa,Yes,No,2.48,62,B
S00501,Student_501,M,30,IT,MSc,1,2,84,35,39,42,3,Yes,Laptop,253602,No,8,3,87,14,Nairobi,Yes,No,1.77,44.200000000000003,D
S00502,Student_502,M,30,CS,MSc,3,2,65,81,76,24,6,Yes,Tablet,92198,No,4,2,60,4,Kisumu,Yes,No,2,49.899999999999999,D
S00503,Student_503,F,23,DS,BSc,1,2,60,66,30,87,5,Yes,Laptop,190689,No,7,7,31,31,Nakuru,No,No,2.75,68.700000000000003,B
S00504,Student_504,M,30,AI,BSc,1,1,95,60,40,39,2,No,Laptop,172452,No,0,5,177,35,Eldoret,Yes,No,1.96,49,D
S00505,Student_505,F,34,CS,MSc,2,1,58,66,82,41,1,No,Tablet,208175,No,10,3,41,18,Nakuru,Yes,No,2.2400000000000002,55.899999999999999,C
S00506,Student_506,M,34,AI,MSc,3,1,91,70,58,65,6,Yes,Tablet,113644,Yes,3,1,16,17,Mombasa,Yes,No,2.6899999999999999,67.200000000000003,B
S00507,Student_507,M,27,AI,MSc,3,1,87,62,98,28,8,Yes,Laptop,39698,No,12,6,63,49,Nakuru,Yes,No,2.1899999999999999,54.700000000000003,C
S00508,Student_508,F,30,AI,MSc,1,2,92,37,89,98,2,No,Desktop,293718,Yes,14,7,189,7,Kisumu,Yes,Yes,3.3399999999999999,83.400000000000006,A
S00509,Student_509,M,33,CS,MSc,3,2,68,45,56,98,2,Yes,Tablet,281434,Yes,9,3,150,16,Eldoret,Yes,Yes,3.04,76,A
S00510,Student_510,M,31,SE,BSc,3,1,97,98,53,54,12,No,Desktop,166057,No,3,5,113,26,Eldoret,No,No,2.6800000000000002,66.900000000000006,B
S00511,Student_511,F,18,SE,BSc,3,2,56,68,79,66,5,No,Laptop,168718,Yes,4,7,15,6,Kisumu,Yes,No,2.7200000000000002,68,B
S00512,Student_512,F,31,SE,BSc,3,1,45,56,68,34,10,No,Laptop,93862,Yes,12,6,143,4,Nairobi,Yes,No,1.8500000000000001,46.299999999999997,D
S00513,Student_513,M,32,CS,BSc,3,1,75,33,29,87,10,Yes,Desktop,286129,No,12,7,17,22,Nairobi,Yes,No,2.54,63.399999999999999,B
S00514,Student_514,M,19,SE,BSc,4,1,57,35,60,99,11,No,Laptop,180484,Yes,10,5,69,47,Kisumu,Yes,Yes,2.9700000000000002,74.200000000000003,A
S00515,Student_515,M,18,DS,BSc,2,2,51,99,80,31,3,No,Tablet,37291,Yes,14,3,105,29,Mombasa,Yes,No,2.2599999999999998,56.399999999999999,C
S00516,Student_516,M,19,AI,BSc,2,1,53,63,30,59,12,Yes,Desktop,198674,No,14,2,51,35,Nakuru,No,No,2.1400000000000001,53.399999999999999,C
S00517,Student_517,M,26,SE,BSc,3,2,81,92,59,97,8,Yes,Desktop,189749,Yes,4,6,164,49,Eldoret,Yes,Yes,3.4700000000000002,86.799999999999997,A
S00518,Student_518,M,25,SE,BSc,4,2,78,41,25,24,11,No,Desktop,169463,No,3,0,140,47,Nairobi,Yes,No,1.3200000000000001,33,F
S00519,Student_519,M,28,DS,BSc,1,1,47,91,38,76,4,No,Tablet,265346,Yes,3,8,13,32,Nakuru,Yes,No,2.7400000000000002,68.5,B
S00520,Student_520,F,27,AI,MSc,2,1,95,89,53,40,3,No,Desktop,52632,No,13,6,119,26,Nakuru,Yes,No,2.3199999999999998,57.899999999999999,C
S00521,Student_521,F,23,AI,MSc,2,2,73,89,87,21,7,Yes,Laptop,35954,Yes,11,7,61,60,Kisumu,Yes,No,2.1200000000000001,53,C
S00522,Student_522,F,21,IT,BSc,1,1,54,92,85,49,7,Yes,Tablet,138138,Yes,7,0,190,14,Mombasa,Yes,No,2.6099999999999999,65.299999999999997,B
S00523,Student_523,F,33,AI,BSc,4,2,68,32,29,72,1,Yes,Laptop,127229,Yes,11,3,17,38,Eldoret,Yes,No,2.2000000000000002,55,C
S00524,Student_524,F,22,IT,BSc,2,2,47,93,32,59,6,No,Laptop,68526,No,8,7,54,5,Kisumu,No,No,2.3700000000000001,59.200000000000003,C
S00525,Student_525,F,34,IT,BSc,1,1,100,31,93,95,2,No,Desktop,256905,Yes,5,7,107,27,Mombasa,Yes,Yes,3.29,82.299999999999997,A
S00526,Student_526,M,34,IT,BSc,3,2,74,73,93,30,6,No,Laptop,45498,No,0,4,85,56,Nairobi,Yes,No,2.2200000000000002,55.600000000000001,C
S00527,Student_527,M,24,CS,MSc,4,1,77,66,43,98,7,Yes,Desktop,277540,No,14,2,194,34,Nairobi,Yes,Yes,3.1400000000000001,78.5,A
S00528,Student_528,F,26,CS,MSc,3,1,89,37,69,21,2,No,Tablet,181548,Yes,13,7,71,23,Nairobi,Yes,No,1.6200000000000001,40.600000000000001,D
S00529,Student_529,M,30,DS,MSc,3,2,52,76,79,73,5,Yes,Laptop,41226,Yes,13,6,89,27,Mombasa,No,No,2.9100000000000001,72.700000000000003,A
S00530,Student_530,M,32,DS,BSc,2,2,51,39,29,50,7,Yes,Tablet,128318,Yes,9,8,17,21,Mombasa,Yes,No,1.75,43.700000000000003,D
S00531,Student_531,F,35,SE,BSc,1,2,40,42,96,47,5,Yes,Desktop,88484,No,13,8,13,29,Kisumu,No,No,2.2000000000000002,55.100000000000001,C
S00532,Student_532,M,28,CS,MSc,3,2,89,86,91,73,9,No,Laptop,82535,No,10,5,174,22,Nakuru,No,No,3.23,80.799999999999997,A
S00533,Student_533,F,34,IT,MSc,4,2,73,76,73,78,11,Yes,Desktop,283302,No,7,5,167,1,Mombasa,Yes,Yes,3.04,76.099999999999994,A
S00534,Student_534,F,22,SE,BSc,1,2,86,45,74,83,7,Yes,Laptop,23297,Yes,6,0,156,20,Mombasa,Yes,Yes,2.96,73.900000000000006,A
S00535,Student_535,M,22,DS,BSc,3,2,75,70,99,50,11,Yes,Desktop,283718,No,12,4,185,57,Eldoret,Yes,No,2.6499999999999999,66.299999999999997,B
S00536,Student_536,F,31,CS,MSc,1,2,90,62,63,73,7,No,Laptop,255807,Yes,4,1,191,41,Eldoret,Yes,Yes,2.8199999999999998,70.5,A
S00537,Student_537,M,26,SE,BSc,1,2,46,69,95,27,3,Yes,Desktop,240560,No,3,3,127,24,Kisumu,No,No,2.04,50.899999999999999,C
S00538,Student_538,F,22,IT,MSc,3,1,48,74,36,84,5,Yes,Desktop,277715,Yes,3,4,122,22,Kisumu,Yes,No,2.75,68.799999999999997,B
S00539,Student_539,F,20,SE,BSc,4,2,47,40,58,83,2,Yes,Tablet,161851,No,6,0,100,29,Nairobi,Yes,No,2.6299999999999999,65.799999999999997,B
S00540,Student_540,F,31,IT,BSc,1,2,54,73,58,69,5,No,Laptop,151288,No,14,8,46,24,Eldoret,Yes,No,2.6400000000000001,66.099999999999994,B
S00541,Student_541,F,20,SE,MSc,4,1,51,56,49,48,11,Yes,Desktop,283583,No,0,6,5,37,Nairobi,Yes,No,2,50.100000000000001,C
S00542,Student_542,F,20,SE,MSc,3,2,58,87,57,80,7,Yes,Laptop,153402,Yes,9,0,128,23,Mombasa,Yes,Yes,2.98,74.599999999999994,A
S00543,Student_543,M,35,SE,MSc,2,1,95,37,78,74,11,Yes,Laptop,214294,Yes,9,0,5,42,Eldoret,Yes,No,2.7799999999999998,69.5,B
S00544,Student_544,M,25,IT,MSc,1,2,61,100,42,62,5,Yes,Tablet,35755,No,7,3,97,38,Mombasa,No,No,2.6200000000000001,65.5,B
S00545,Student_545,M,25,CS,BSc,1,2,73,87,98,57,12,No,Desktop,133637,No,9,2,178,27,Eldoret,No,No,2.9100000000000001,72.799999999999997,A
S00546,Student_546,F,33,SE,MSc,4,2,51,32,64,51,1,No,Laptop,147586,Yes,12,3,85,23,Nakuru,Yes,No,1.99,49.799999999999997,D
S00547,Student_547,M,22,SE,MSc,1,1,74,86,80,69,1,Yes,Desktop,51111,No,12,5,37,58,Nakuru,Yes,Yes,3,75.099999999999994,A
S00548,Student_548,M,29,CS,BSc,3,1,67,35,67,20,2,No,Tablet,172895,No,3,1,96,43,Mombasa,Yes,No,1.48,37.100000000000001,F
S00549,Student_549,F,30,DS,MSc,4,2,53,92,56,97,6,Yes,Desktop,29715,No,2,0,38,30,Eldoret,Yes,Yes,3.3399999999999999,83.400000000000006,A
S00550,Student_550,M,34,DS,MSc,2,2,100,64,25,99,1,Yes,Desktop,75743,Yes,2,3,54,25,Kisumu,Yes,Yes,3.0899999999999999,77.299999999999997,A
S00551,Student_551,M,30,DS,BSc,2,1,98,83,63,63,4,Yes,Tablet,92926,No,10,0,83,16,Nakuru,No,No,2.8199999999999998,70.5,A
S00552,Student_552,M,30,CS,MSc,1,1,88,62,75,100,10,Yes,Laptop,116483,No,1,1,56,34,Nakuru,No,No,3.4500000000000002,86.200000000000003,A
S00553,Student_553,F,18,CS,MSc,4,1,40,55,84,51,5,No,Desktop,167493,Yes,9,3,117,5,Kisumu,Yes,No,2.29,57.299999999999997,C
S00554,Student_554,M,22,DS,MSc,4,1,54,64,37,83,1,No,Laptop,32214,Yes,7,3,190,47,Nakuru,Yes,No,2.6800000000000002,67.099999999999994,B
S00555,Student_555,M,21,AI,BSc,4,2,100,37,63,63,11,No,Tablet,189958,Yes,6,0,46,47,Kisumu,Yes,No,2.46,61.5,B
S00556,Student_556,M,22,SE,MSc,2,2,73,94,26,51,11,No,Tablet,264342,Yes,15,6,118,31,Eldoret,No,No,2.27,56.799999999999997,C
S00557,Student_557,M,35,CS,MSc,2,1,82,75,79,93,9,Yes,Tablet,47091,Yes,12,1,79,44,Nairobi,Yes,Yes,3.4199999999999999,85.5,A
S00558,Student_558,F,27,CS,BSc,1,1,93,67,63,95,10,Yes,Tablet,223921,Yes,8,1,8,59,Nairobi,Yes,Yes,3.3100000000000001,82.799999999999997,A
S00559,Student_559,F,28,IT,MSc,3,2,52,58,29,32,4,Yes,Tablet,109691,No,5,7,128,42,Eldoret,No,No,1.54,38.600000000000001,F
S00560,Student_560,M,29,CS,MSc,3,2,44,31,66,90,3,No,Tablet,173213,No,5,3,176,3,Eldoret,Yes,No,2.75,68.799999999999997,B
S00561,Student_561,F,28,SE,MSc,3,2,58,43,71,31,10,Yes,Laptop,233216,No,5,8,169,45,Eldoret,No,No,1.76,44.100000000000001,D
S00562,Student_562,M,26,AI,MSc,4,2,71,86,82,88,1,Yes,Laptop,69741,Yes,4,0,59,20,Nakuru,Yes,Yes,3.3900000000000001,84.700000000000003,A
S00563,Student_563,F,33,SE,BSc,1,2,72,59,60,86,9,No,Desktop,148873,Yes,5,7,104,28,Kisumu,Yes,Yes,2.96,74,A
S00564,Student_564,F,33,SE,BSc,1,1,57,95,44,63,3,No,Tablet,168364,Yes,1,8,93,10,Kisumu,No,No,2.6000000000000001,65,B
S00565,Student_565,M,21,DS,MSc,2,1,77,32,69,87,12,Yes,Desktop,111362,No,10,7,173,51,Kisumu,Yes,Yes,2.8599999999999999,71.400000000000006,A
S00566,Student_566,F,33,CS,BSc,2,1,40,75,46,57,8,No,Laptop,73775,Yes,7,6,131,29,Nairobi,Yes,No,2.27,56.700000000000003,C
S00567,Student_567,M,19,IT,BSc,1,1,90,53,47,39,2,No,Desktop,133641,No,0,8,7,56,Kisumu,Yes,No,1.9399999999999999,48.5,D
S00568,Student_568,F,19,IT,BSc,3,1,79,78,72,86,7,No,Tablet,261474,No,10,0,131,4,Eldoret,No,No,3.2400000000000002,80.900000000000006,A
S00569,Student_569,M,21,DS,MSc,1,1,94,67,30,20,12,No,Tablet,199337,No,0,3,62,43,Nakuru,Yes,No,1.55,38.799999999999997,F
S00570,Student_570,M,26,CS,BSc,3,2,67,50,75,63,4,No,Desktop,39100,Yes,14,4,127,34,Nairobi,Yes,No,2.5299999999999998,63.200000000000003,B
S00571,Student_571,F,26,CS,MSc,3,1,72,47,69,33,10,Yes,Tablet,46780,No,1,0,49,44,Kisumu,No,No,1.8799999999999999,46.899999999999999,D
S00572,Student_572,F,23,IT,BSc,4,1,47,37,93,78,11,No,Desktop,44801,Yes,6,5,189,55,Kisumu,Yes,No,2.79,69.700000000000003,B
S00573,Student_573,M,31,IT,BSc,4,2,85,74,97,43,4,Yes,Tablet,248205,No,13,5,47,41,Nakuru,Yes,No,2.5699999999999998,64.200000000000003,B
S00574,Student_574,M,25,SE,BSc,3,1,56,82,42,45,1,No,Desktop,215006,No,13,0,149,45,Mombasa,Yes,No,2.1200000000000001,52.899999999999999,C
S00575,Student_575,F,20,CS,BSc,4,2,86,34,55,55,11,No,Tablet,189761,Yes,5,3,59,17,Kisumu,No,No,2.1600000000000001,53.899999999999999,C
S00576,Student_576,F,29,AI,BSc,4,1,40,41,54,35,7,Yes,Tablet,299299,Yes,6,0,77,37,Nakuru,Yes,No,1.6200000000000001,40.5,D
S00577,Student_577,F,30,CS,BSc,2,2,47,75,91,54,12,No,Tablet,291275,Yes,15,3,114,29,Eldoret,Yes,No,2.6000000000000001,64.900000000000006,B
S00578,Student_578,F,24,AI,BSc,2,2,78,86,62,49,12,No,Laptop,245841,No,15,4,100,12,Nairobi,Yes,No,2.48,61.899999999999999,B
S00579,Student_579,M,24,DS,MSc,3,1,70,45,96,93,2,Yes,Tablet,167433,Yes,8,0,74,21,Eldoret,Yes,Yes,3.27,81.700000000000003,A
S00580,Student_580,F,21,SE,MSc,1,1,47,91,85,32,5,No,Laptop,58519,Yes,1,2,126,5,Nairobi,Yes,No,2.2400000000000002,55.899999999999999,C
S00581,Student_581,M,28,IT,MSc,2,2,72,47,80,72,3,No,Desktop,75251,No,11,7,61,28,Nakuru,No,No,2.7400000000000002,68.599999999999994,B
S00582,Student_582,F,32,CS,MSc,2,2,85,82,34,63,12,Yes,Laptop,139680,Yes,11,8,195,48,Eldoret,Yes,No,2.5299999999999998,63.200000000000003,B
S00583,Student_583,M,28,AI,MSc,1,2,76,92,39,38,5,Yes,Laptop,236178,No,14,5,176,11,Nakuru,Yes,No,2.1099999999999999,52.799999999999997,C
S00584,Student_584,F,24,SE,MSc,1,1,92,34,57,81,11,No,Tablet,53241,No,11,3,100,36,Nairobi,Yes,No,2.7200000000000002,67.900000000000006,B
S00585,Student_585,M,19,SE,MSc,4,1,82,69,56,88,8,No,Desktop,267953,No,13,1,143,55,Nakuru,Yes,Yes,3.0899999999999999,77.200000000000003,A
S00586,Student_586,F,35,CS,MSc,4,1,94,89,85,32,12,Yes,Desktop,237674,Yes,15,6,6,29,Nakuru,Yes,No,2.4100000000000001,60.200000000000003,B
S00587,Student_587,F,21,IT,MSc,2,2,97,66,59,24,6,No,Tablet,202294,Yes,10,8,86,11,Kisumu,Yes,No,1.8700000000000001,46.700000000000003,D
S00588,Student_588,F,26,CS,MSc,1,2,48,37,59,42,12,No,Tablet,247625,Yes,1,8,107,54,Kisumu,No,No,1.8,45,D
S00589,Student_589,F,22,SE,MSc,3,1,85,63,60,64,7,No,Tablet,140598,No,10,8,127,59,Nairobi,No,No,2.6000000000000001,65.099999999999994,B
S00590,Student_590,F,29,IT,BSc,3,2,53,96,49,66,8,Yes,Laptop,152501,Yes,9,2,1,26,Eldoret,Yes,No,2.6899999999999999,67.299999999999997,B
S00591,Student_591,M,32,IT,MSc,4,2,94,42,41,72,12,Yes,Tablet,51712,No,2,0,29,33,Eldoret,Yes,No,2.48,62,B
S00592,Student_592,F,31,DS,BSc,2,2,93,32,67,81,3,No,Desktop,140876,No,12,2,140,29,Nairobi,Yes,No,2.7799999999999998,69.599999999999994,B
S00593,Student_593,F,35,DS,MSc,1,1,87,80,35,76,3,No,Laptop,23837,Yes,0,4,68,44,Nairobi,Yes,No,2.79,69.700000000000003,B
S00594,Student_594,M,25,CS,BSc,4,2,46,78,38,100,11,No,Tablet,240870,Yes,2,7,148,58,Eldoret,Yes,Yes,3.1099999999999999,77.799999999999997,A
S00595,Student_595,F,35,AI,MSc,2,2,45,32,32,30,3,Yes,Desktop,137795,Yes,7,6,148,35,Nairobi,Yes,No,1.29,32.299999999999997,F
S00596,Student_596,M,29,DS,MSc,4,1,56,79,65,71,12,No,Tablet,55820,Yes,14,1,138,45,Nakuru,Yes,No,2.7999999999999998,69.900000000000006,B
S00597,Student_597,M,23,AI,BSc,2,2,77,94,79,28,5,Yes,Tablet,44408,Yes,3,7,44,8,Nakuru,Yes,No,2.25,56.299999999999997,C
S00598,Student_598,F,22,CS,BSc,3,2,75,82,75,47,5,Yes,Laptop,54733,Yes,2,2,153,37,Nakuru,Yes,No,2.5,62.399999999999999,B
S00599,Student_599,F,31,SE,MSc,3,2,40,58,65,23,3,Yes,Laptop,213077,No,5,1,177,30,Mombasa,Yes,No,1.6000000000000001,40.100000000000001,D
S00600,Student_600,F,20,SE,BSc,2,1,59,95,99,95,2,No,Laptop,93543,No,6,5,36,25,Mombasa,Yes,Yes,3.6899999999999999,92.200000000000003,A
S00601,Student_601,F,18,IT,BSc,3,1,43,50,41,83,4,No,Desktop,130552,No,14,1,103,0,Mombasa,Yes,No,2.5600000000000001,64,B
S00602,Student_602,F,32,AI,BSc,2,1,93,71,98,44,8,No,Tablet,45894,Yes,0,7,3,47,Nakuru,No,No,2.6000000000000001,65.099999999999994,B
S00603,Student_603,M,30,DS,BSc,3,1,58,78,69,79,4,Yes,Desktop,245310,No,15,3,25,59,Mombasa,Yes,Yes,2.9900000000000002,74.700000000000003,A
S00604,Student_604,F,18,SE,BSc,3,2,42,63,42,36,5,No,Desktop,128369,Yes,5,0,90,50,Kisumu,Yes,No,1.73,43.200000000000003,D
S00605,Student_605,M,21,AI,BSc,3,1,91,85,83,87,9,No,Desktop,165112,Yes,13,1,2,21,Nairobi,Yes,Yes,3.4500000000000002,86.200000000000003,A
S00606,Student_606,M,20,AI,BSc,4,2,41,43,61,94,12,No,Tablet,124885,Yes,3,3,161,0,Kisumu,No,No,2.8799999999999999,71.900000000000006,A
S00607,Student_607,M,23,AI,MSc,2,2,98,44,88,20,10,No,Laptop,120087,No,5,0,76,22,Kisumu,Yes,No,1.8500000000000001,46.200000000000003,D
S00608,Student_608,F,25,IT,BSc,2,1,80,99,41,64,4,Yes,Tablet,203718,No,13,5,32,30,Eldoret,No,No,2.7200000000000002,68,B
S00609,Student_609,F,22,CS,MSc,3,1,42,88,78,100,1,Yes,Laptop,130393,Yes,10,3,36,55,Mombasa,Yes,Yes,3.5,87.400000000000006,A
S00610,Student_610,F,23,IT,BSc,2,2,52,80,51,26,8,Yes,Laptop,114170,Yes,8,8,85,5,Kisumu,Yes,No,1.78,44.399999999999999,D
S00611,Student_611,M,19,IT,MSc,4,2,44,60,99,58,8,Yes,Desktop,38622,No,15,0,87,16,Mombasa,Yes,No,2.6099999999999999,65.200000000000003,B
S00612,Student_612,F,19,DS,MSc,3,2,70,88,79,91,8,No,Tablet,118325,Yes,0,0,58,30,Kisumu,Yes,Yes,3.4399999999999999,85.900000000000006,A
S00613,Student_613,F,34,CS,BSc,2,1,57,97,36,50,7,Yes,Tablet,255613,No,7,5,14,1,Nakuru,Yes,No,2.29,57.299999999999997,C
S00614,Student_614,M,21,DS,MSc,4,2,77,93,54,32,9,No,Laptop,236671,No,4,1,73,53,Mombasa,Yes,No,2.1200000000000001,53.100000000000001,C
S00615,Student_615,F,35,DS,MSc,1,1,76,94,25,39,4,No,Laptop,230527,Yes,1,2,52,24,Nakuru,Yes,No,2.04,50.899999999999999,C
S00616,Student_616,M,28,CS,MSc,3,2,95,73,81,80,2,Yes,Laptop,289919,No,9,2,155,52,Kisumu,Yes,Yes,3.21,80.299999999999997,A
S00617,Student_617,M,22,CS,MSc,4,2,48,74,65,97,7,Yes,Tablet,280767,Yes,3,0,18,47,Nakuru,Yes,Yes,3.2400000000000002,81.099999999999994,A
S00618,Student_618,M,35,IT,BSc,4,2,89,30,83,22,12,No,Laptop,31161,Yes,13,7,116,44,Eldoret,Yes,No,1.7,42.5,D
S00619,Student_619,M,33,AI,BSc,2,1,72,41,88,36,4,Yes,Desktop,60001,Yes,0,3,103,49,Nairobi,Yes,No,2.04,51,C
S00620,Student_620,F,35,IT,BSc,4,1,98,31,86,33,1,Yes,Laptop,99471,Yes,2,7,114,3,Mombasa,No,No,1.99,49.700000000000003,D
S00621,Student_621,F,25,AI,BSc,3,1,40,40,82,29,9,Yes,Desktop,125935,No,12,1,133,19,Nairobi,Yes,No,1.72,42.899999999999999,D
S00622,Student_622,F,19,AI,MSc,3,2,93,75,57,47,4,Yes,Tablet,230465,No,14,8,44,37,Nakuru,Yes,No,2.3700000000000001,59.200000000000003,C
S00623,Student_623,F,24,DS,MSc,1,1,45,62,32,73,10,No,Laptop,164003,Yes,4,1,169,46,Mombasa,Yes,No,2.3900000000000001,59.799999999999997,C
S00624,Student_624,F,33,SE,MSc,3,1,62,38,75,30,7,Yes,Tablet,296178,Yes,7,7,199,32,Eldoret,No,No,1.75,43.799999999999997,D
S00625,Student_625,M,32,AI,BSc,2,2,64,53,61,69,4,No,Laptop,193296,No,3,2,188,59,Nairobi,Yes,No,2.5499999999999998,63.700000000000003,B
S00626,Student_626,M,18,DS,BSc,1,1,83,93,46,67,9,No,Desktop,234068,Yes,8,8,136,18,Mombasa,Yes,No,2.7799999999999998,69.599999999999994,B
S00627,Student_627,F,22,AI,MSc,1,1,66,88,48,38,8,No,Laptop,115245,Yes,15,6,173,27,Eldoret,Yes,No,2.1099999999999999,52.799999999999997,C
S00628,Student_628,M,30,SE,MSc,3,1,47,50,100,92,2,No,Desktop,157637,No,15,1,56,30,Kisumu,Yes,Yes,3.23,80.700000000000003,A
S00629,Student_629,F,34,IT,BSc,1,2,58,75,61,22,1,No,Laptop,112040,No,0,2,25,37,Kisumu,Yes,No,1.76,44,D
S00630,Student_630,F,26,IT,BSc,2,1,98,91,55,33,6,Yes,Desktop,181554,Yes,11,0,183,51,Mombasa,No,No,2.2200000000000002,55.5,C
S00631,Student_631,M,32,SE,MSc,3,2,84,95,96,46,6,No,Tablet,120297,Yes,15,0,12,26,Nakuru,Yes,No,2.7799999999999998,69.599999999999994,B
S00632,Student_632,F,22,AI,BSc,2,2,52,79,64,51,8,Yes,Tablet,61702,Yes,9,4,86,43,Nairobi,Yes,No,2.3700000000000001,59.299999999999997,C
S00633,Student_633,M,33,CS,BSc,1,1,66,90,25,28,7,No,Laptop,140808,Yes,1,6,137,47,Nakuru,Yes,No,1.74,43.600000000000001,D
S00634,Student_634,F,29,DS,BSc,2,2,63,49,25,62,2,Yes,Tablet,113854,Yes,2,5,118,33,Nakuru,Yes,No,2.0800000000000001,52.100000000000001,C
S00635,Student_635,F,32,AI,BSc,3,1,42,67,57,65,11,No,Tablet,72234,Yes,6,5,37,18,Kisumu,Yes,No,2.46,61.5,B
S00636,Student_636,F,31,AI,BSc,1,2,98,32,31,92,5,Yes,Laptop,276551,No,6,4,136,23,Nairobi,Yes,No,2.7400000000000002,68.400000000000006,B
S00637,Student_637,F,18,IT,MSc,2,1,99,40,97,56,2,Yes,Desktop,273844,No,1,8,173,15,Nakuru,No,No,2.6099999999999999,65.299999999999997,B
S00638,Student_638,F,18,SE,MSc,3,1,63,86,88,72,8,No,Laptop,63826,Yes,1,2,110,50,Nairobi,Yes,Yes,3.0800000000000001,77.099999999999994,A
S00639,Student_639,M,25,DS,MSc,4,1,53,48,33,47,4,No,Desktop,128776,No,15,5,138,4,Nairobi,Yes,No,1.8,45,D
S00640,Student_640,F,35,SE,BSc,4,1,54,50,38,83,8,Yes,Laptop,170544,No,14,5,123,19,Mombasa,Yes,No,2.5800000000000001,64.5,B
S00641,Student_641,F,32,SE,BSc,2,2,97,46,58,59,3,No,Desktop,252228,Yes,15,4,133,52,Nairobi,Yes,No,2.3999999999999999,60,B
S00642,Student_642,M,26,SE,MSc,1,1,73,30,99,55,11,Yes,Desktop,160405,No,8,1,195,57,Mombasa,Yes,No,2.4199999999999999,60.600000000000001,B
S00643,Student_643,M,18,IT,MSc,1,1,97,78,67,37,11,Yes,Desktop,24115,Yes,1,0,184,11,Nairobi,No,No,2.29,57.200000000000003,C
S00644,Student_644,M,31,SE,MSc,2,1,67,47,67,82,6,No,Tablet,44665,No,11,1,18,31,Kisumu,Yes,Yes,2.8199999999999998,70.5,A
S00645,Student_645,M,25,SE,BSc,4,1,45,33,36,26,9,Yes,Laptop,81859,Yes,9,8,190,11,Nakuru,Yes,No,1.25,31.300000000000001,F
S00646,Student_646,M,29,IT,BSc,2,1,67,38,95,50,1,No,Desktop,121861,Yes,10,6,168,41,Eldoret,No,No,2.3300000000000001,58.299999999999997,C
S00647,Student_647,F,24,IT,MSc,3,2,58,92,76,42,7,Yes,Desktop,222302,Yes,5,4,64,2,Nairobi,Yes,No,2.4199999999999999,60.399999999999999,B
S00648,Student_648,F,28,DS,BSc,2,2,98,94,80,36,3,Yes,Laptop,287392,No,12,7,86,10,Eldoret,No,No,2.5,62.600000000000001,B
S00649,Student_649,M,18,AI,BSc,3,2,74,37,97,45,9,No,Tablet,79627,Yes,8,5,200,38,Eldoret,Yes,No,2.27,56.700000000000003,C
S00650,Student_650,M,29,SE,BSc,4,1,88,98,67,40,11,Yes,Tablet,174250,No,4,2,171,2,Nakuru,Yes,No,2.4700000000000002,61.799999999999997,B
S00651,Student_651,F,19,IT,BSc,3,1,88,71,100,26,1,Yes,Laptop,70497,No,14,6,53,36,Kisumu,Yes,No,2.2400000000000002,56,C
S00652,Student_652,M,18,AI,BSc,2,1,98,63,49,70,12,No,Desktop,44140,No,0,8,49,51,Nairobi,No,No,2.6899999999999999,67.200000000000003,B
S00653,Student_653,F,29,AI,MSc,4,2,73,43,55,20,11,No,Tablet,149656,Yes,7,7,151,23,Mombasa,Yes,No,1.48,36.899999999999999,F
S00654,Student_654,F,18,SE,MSc,2,1,44,36,89,56,6,Yes,Laptop,26481,Yes,5,7,5,20,Nakuru,Yes,No,2.2999999999999998,57.399999999999999,C
S00655,Student_655,F,24,SE,MSc,2,1,58,78,45,63,9,Yes,Laptop,245710,No,5,1,100,50,Kisumu,Yes,No,2.48,61.899999999999999,B
S00656,Student_656,M,18,AI,BSc,4,2,62,57,61,40,10,Yes,Laptop,118158,No,10,4,131,11,Kisumu,Yes,No,1.99,49.799999999999997,D
S00657,Student_657,F,23,AI,MSc,4,2,79,68,38,90,11,Yes,Laptop,277680,No,7,0,183,32,Nakuru,Yes,Yes,2.96,74.099999999999994,A
S00658,Student_658,M,31,DS,MSc,4,2,46,33,46,59,6,No,Tablet,140385,No,9,4,159,55,Nairobi,Yes,No,2,49.899999999999999,D
S00659,Student_659,M,30,SE,MSc,1,2,97,47,27,68,4,No,Tablet,61274,No,1,2,8,1,Mombasa,Yes,No,2.3399999999999999,58.5,C
S00660,Student_660,F,19,DS,MSc,2,2,54,76,91,24,8,Yes,Desktop,204256,No,9,5,38,35,Nakuru,No,No,2.0299999999999998,50.799999999999997,C
S00661,Student_661,M,18,IT,BSc,4,2,53,51,84,49,3,Yes,Tablet,31138,Yes,15,2,45,59,Mombasa,Yes,No,2.27,56.799999999999997,C
S00662,Student_662,F,22,IT,BSc,2,2,57,64,81,53,11,Yes,Desktop,103041,Yes,2,6,183,8,Mombasa,Yes,No,2.4500000000000002,61.200000000000003,B
S00663,Student_663,M,33,CS,BSc,4,2,47,41,49,52,1,Yes,Laptop,197554,No,13,0,178,35,Eldoret,Yes,No,1.95,48.700000000000003,D
S00664,Student_664,M,23,AI,MSc,2,1,54,85,48,37,10,No,Tablet,269216,Yes,3,3,94,9,Nakuru,Yes,No,2.02,50.5,C
S00665,Student_665,F,30,IT,BSc,3,1,69,69,30,30,6,No,Desktop,88424,Yes,5,8,25,3,Nairobi,No,No,1.6699999999999999,41.700000000000003,D
S00666,Student_666,M,24,IT,BSc,1,1,42,74,71,60,10,Yes,Laptop,57567,Yes,13,0,58,18,Nakuru,No,No,2.5299999999999998,63.200000000000003,B
S00667,Student_667,F,28,DS,MSc,4,2,89,32,85,54,8,Yes,Tablet,160050,No,15,4,102,59,Kisumu,Yes,No,2.3700000000000001,59.299999999999997,C
S00668,Student_668,F,33,DS,BSc,3,1,65,92,76,53,1,No,Tablet,56245,Yes,8,3,38,27,Nairobi,Yes,No,2.6600000000000001,66.599999999999994,B
S00669,Student_669,F,25,SE,MSc,3,1,43,91,55,24,3,No,Desktop,71084,Yes,14,7,63,36,Mombasa,Yes,No,1.8200000000000001,45.5,D
S00670,Student_670,M,22,AI,BSc,2,2,44,95,74,76,4,No,Tablet,84659,No,6,5,101,49,Nairobi,Yes,Yes,3.0499999999999998,76.200000000000003,A
S00671,Student_671,M,25,DS,MSc,2,2,62,79,36,39,4,No,Desktop,90848,No,6,8,180,5,Eldoret,No,No,1.95,48.700000000000003,D
S00672,Student_672,F,30,IT,BSc,2,1,89,74,72,77,4,No,Tablet,20125,No,9,5,68,46,Kisumu,Yes,Yes,3.0600000000000001,76.599999999999994,A
S00673,Student_673,M,32,AI,MSc,3,1,63,89,39,38,6,Yes,Desktop,47029,Yes,7,1,178,27,Nairobi,Yes,No,2.04,50.899999999999999,C
S00674,Student_674,M,29,AI,BSc,1,1,95,85,63,49,6,No,Tablet,199256,Yes,5,0,109,3,Mombasa,No,No,2.54,63.600000000000001,B
S00675,Student_675,M,28,CS,MSc,3,1,53,47,38,61,7,Yes,Tablet,49025,Yes,7,3,167,29,Eldoret,Yes,No,2.1099999999999999,52.799999999999997,C
S00676,Student_676,F,19,IT,BSc,2,1,96,75,96,51,3,Yes,Desktop,130744,Yes,3,4,66,5,Mombasa,Yes,No,2.77,69.299999999999997,B
S00677,Student_677,M,27,SE,MSc,4,2,45,62,61,89,10,Yes,Laptop,174658,No,5,6,169,52,Nairobi,No,No,2.9399999999999999,73.599999999999994,A
S00678,Student_678,F,26,CS,BSc,4,2,78,35,54,91,10,Yes,Desktop,176330,No,4,8,116,41,Nakuru,Yes,Yes,2.8399999999999999,71.099999999999994,A
S00679,Student_679,M,19,AI,BSc,4,2,71,84,55,54,9,No,Laptop,218969,No,13,0,85,42,Nakuru,Yes,No,2.48,61.899999999999999,B
S00680,Student_680,F,28,AI,BSc,4,1,88,94,82,66,8,No,Tablet,28353,No,8,4,131,23,Kisumu,No,No,3.0800000000000001,77,A
S00681,Student_681,M,27,CS,MSc,3,2,68,33,28,44,10,No,Desktop,263490,No,4,8,190,60,Nakuru,Yes,No,1.6399999999999999,41,D
S00682,Student_682,F,31,SE,BSc,2,2,84,83,81,46,11,Yes,Laptop,72202,Yes,7,7,81,36,Nairobi,No,No,2.5699999999999998,64.200000000000003,B
S00683,Student_683,F,29,AI,BSc,2,2,59,77,67,21,6,Yes,Desktop,213370,No,12,3,200,8,Nakuru,Yes,No,1.8100000000000001,45.200000000000003,D
S00684,Student_684,M,32,DS,BSc,1,1,78,47,97,95,4,No,Desktop,154775,Yes,8,4,136,41,Nairobi,No,No,3.3599999999999999,84.099999999999994,A
S00685,Student_685,M,26,AI,MSc,1,2,86,53,92,56,3,Yes,Tablet,75381,No,14,7,153,15,Nairobi,Yes,No,2.6200000000000001,65.599999999999994,B
S00686,Student_686,F,23,AI,BSc,3,1,92,66,55,40,7,Yes,Desktop,224497,No,6,8,33,44,Kisumu,No,No,2.1400000000000001,53.399999999999999,C
S00687,Student_687,F,29,AI,BSc,2,2,70,31,94,34,4,No,Desktop,225424,No,8,3,99,31,Mombasa,Yes,No,1.96,49,D
S00688,Student_688,M,33,IT,MSc,1,1,43,35,60,99,9,No,Laptop,48628,Yes,10,1,54,29,Nairobi,Yes,Yes,2.9100000000000001,72.799999999999997,A
S00689,Student_689,M,24,SE,MSc,2,2,98,91,41,93,2,Yes,Laptop,299512,No,12,4,69,44,Nairobi,Yes,Yes,3.3100000000000001,82.700000000000003,A
S00690,Student_690,F,18,DS,MSc,2,1,82,41,53,95,2,No,Laptop,139922,Yes,12,1,121,21,Eldoret,Yes,Yes,2.98,74.5,A
S00691,Student_691,M,18,IT,BSc,2,1,53,35,37,58,8,No,Desktop,145696,No,12,8,153,36,Nakuru,Yes,No,1.95,48.700000000000003,D
S00692,Student_692,F,20,IT,MSc,2,2,51,60,78,63,11,Yes,Desktop,27448,No,4,8,38,0,Nairobi,Yes,No,2.5699999999999998,64.200000000000003,B
S00693,Student_693,F,22,AI,BSc,3,1,76,45,84,92,12,Yes,Tablet,31236,No,10,4,64,58,Kisumu,Yes,Yes,3.1800000000000002,79.400000000000006,A
S00694,Student_694,M,35,CS,MSc,3,2,80,74,41,56,4,Yes,Desktop,49965,No,2,1,139,17,Kisumu,Yes,No,2.3599999999999999,59,C
S00695,Student_695,M,30,IT,MSc,2,1,70,62,90,58,6,No,Tablet,274424,No,13,4,79,51,Nakuru,Yes,No,2.6600000000000001,66.400000000000006,B
S00696,Student_696,F,19,CS,MSc,2,2,75,45,56,90,11,No,Laptop,193536,Yes,7,6,9,0,Kisumu,Yes,Yes,2.9100000000000001,72.700000000000003,A
S00697,Student_697,F,23,SE,MSc,4,2,100,58,78,51,9,Yes,Tablet,206831,Yes,12,5,49,53,Mombasa,Yes,No,2.5099999999999998,62.700000000000003,B
S00698,Student_698,M,30,CS,BSc,2,1,98,85,86,91,3,No,Tablet,197238,No,2,0,197,41,Eldoret,Yes,Yes,3.5800000000000001,89.5,A
S00699,Student_699,M,27,SE,MSc,1,1,90,97,28,91,7,Yes,Tablet,263397,No,8,8,74,45,Nairobi,Yes,Yes,3.1800000000000002,79.5,A
S00700,Student_700,F,18,CS,BSc,3,1,81,72,36,49,11,No,Desktop,119985,No,5,2,18,58,Nairobi,Yes,No,2.1699999999999999,54.200000000000003,C
S00701,Student_701,M,33,CS,BSc,4,2,67,78,49,80,12,Yes,Desktop,213175,Yes,1,8,161,50,Mombasa,Yes,Yes,2.8799999999999999,72.099999999999994,A
S00702,Student_702,M,18,CS,BSc,3,1,54,71,70,74,9,No,Laptop,95935,Yes,7,1,128,53,Nakuru,Yes,Yes,2.8199999999999998,70.599999999999994,A
S00703,Student_703,M,25,IT,MSc,3,2,63,81,70,63,3,No,Laptop,95319,Yes,4,3,166,16,Eldoret,Yes,No,2.7200000000000002,68,B
S00704,Student_704,M,23,AI,BSc,1,1,87,100,73,38,5,Yes,Tablet,286514,No,6,6,32,5,Kisumu,Yes,No,2.4900000000000002,62.299999999999997,B
S00705,Student_705,M,31,SE,BSc,4,2,48,75,26,49,11,No,Laptop,240399,Yes,1,1,150,20,Kisumu,Yes,No,1.98,49.5,D
S00706,Student_706,M,34,DS,BSc,1,2,87,40,81,65,3,No,Desktop,112159,Yes,0,3,48,42,Kisumu,Yes,No,2.6200000000000001,65.400000000000006,B
S00707,Student_707,M,27,DS,BSc,1,1,69,73,28,45,5,No,Desktop,213398,No,13,3,31,56,Nairobi,Yes,No,1.98,49.600000000000001,D
S00708,Student_708,M,32,IT,BSc,4,1,52,44,74,34,2,No,Laptop,20227,Yes,12,8,12,6,Nairobi,Yes,No,1.8300000000000001,45.799999999999997,D
S00709,Student_709,M,23,CS,MSc,2,1,83,94,34,92,6,Yes,Laptop,109319,Yes,10,0,147,31,Nairobi,Yes,Yes,3.2000000000000002,79.900000000000006,A
S00710,Student_710,M,32,SE,BSc,4,1,91,30,67,25,8,No,Tablet,287017,Yes,0,5,124,9,Mombasa,Yes,No,1.6399999999999999,41,D
S00711,Student_711,F,28,IT,BSc,3,1,64,97,40,53,8,No,Tablet,32094,No,3,5,35,14,Nairobi,No,No,2.4100000000000001,60.299999999999997,B
S00712,Student_712,F,32,IT,MSc,2,1,65,54,27,29,1,Yes,Desktop,136323,No,0,6,52,48,Mombasa,No,No,1.49,37.200000000000003,F
S00713,Student_713,F,28,IT,BSc,4,1,57,83,85,33,2,No,Tablet,196546,No,2,5,3,15,Nairobi,Yes,No,2.23,55.799999999999997,C
S00714,Student_714,F,27,DS,BSc,4,2,42,49,67,40,9,No,Desktop,294029,Yes,7,3,78,13,Eldoret,No,No,1.8999999999999999,47.399999999999999,D
S00715,Student_715,F,23,CS,MSc,4,1,83,47,59,51,11,Yes,Laptop,31382,No,7,3,1,28,Kisumu,Yes,No,2.2000000000000002,55,C
S00716,Student_716,M,34,CS,BSc,4,1,95,61,76,38,10,No,Tablet,219597,Yes,5,5,156,9,Eldoret,Yes,No,2.2400000000000002,55.899999999999999,C
S00717,Student_717,M,34,CS,MSc,2,2,86,91,91,76,3,No,Laptop,35458,No,8,2,179,50,Kisumu,Yes,Yes,3.3199999999999998,83,A
S00718,Student_718,M,21,SE,MSc,1,1,81,90,95,67,1,Yes,Desktop,182311,No,11,6,166,44,Kisumu,No,No,3.1400000000000001,78.599999999999994,A
S00719,Student_719,F,29,SE,BSc,2,1,64,86,38,29,9,Yes,Tablet,159984,Yes,6,1,10,38,Mombasa,Yes,No,1.8300000000000001,45.700000000000003,D
S00720,Student_720,M,26,CS,MSc,3,2,52,30,51,72,6,No,Laptop,255868,No,2,6,6,29,Nakuru,Yes,No,2.2999999999999998,57.399999999999999,C
S00721,Student_721,F,20,AI,BSc,1,2,74,40,96,50,11,Yes,Laptop,68986,No,12,7,29,14,Eldoret,Yes,No,2.3799999999999999,59.600000000000001,C
S00722,Student_722,M,26,AI,MSc,4,2,62,55,95,99,1,Yes,Laptop,96586,Yes,8,2,191,38,Eldoret,No,No,3.4300000000000002,85.700000000000003,A
S00723,Student_723,F,32,AI,BSc,1,2,62,83,36,81,6,No,Tablet,110334,No,14,8,120,57,Nakuru,Yes,Yes,2.8199999999999998,70.5,A
S00724,Student_724,M,25,IT,BSc,3,2,85,66,27,40,8,Yes,Tablet,274961,Yes,3,1,99,5,Kisumu,Yes,No,1.8799999999999999,47.100000000000001,D
S00725,Student_725,M,23,IT,BSc,1,2,91,35,64,98,12,Yes,Tablet,117749,Yes,14,3,34,52,Eldoret,Yes,Yes,3.1200000000000001,77.900000000000006,A
S00726,Student_726,F,19,CS,MSc,4,1,73,48,42,23,2,No,Desktop,109322,No,4,8,156,41,Nairobi,No,No,1.47,36.799999999999997,F
S00727,Student_727,M,18,SE,BSc,4,2,41,70,42,22,7,No,Laptop,248137,No,12,5,125,16,Mombasa,Yes,No,1.5,37.5,F
S00728,Student_728,M,20,AI,MSc,3,2,98,90,32,70,10,No,Tablet,155335,No,11,3,155,44,Nakuru,Yes,No,2.77,69.200000000000003,B
S00729,Student_729,M,18,IT,MSc,1,2,62,63,79,93,5,No,Tablet,25454,No,8,7,191,21,Kisumu,Yes,Yes,3.2400000000000002,81.099999999999994,A
S00730,Student_730,F,27,SE,MSc,3,2,57,91,88,97,12,No,Tablet,146242,No,2,6,170,10,Eldoret,No,No,3.6000000000000001,90,A
S00731,Student_731,F,35,CS,MSc,2,1,62,44,73,60,7,Yes,Desktop,282401,No,1,3,3,42,Kisumu,No,No,2.3799999999999999,59.600000000000001,C
S00732,Student_732,M,18,IT,BSc,2,2,76,40,48,95,8,No,Desktop,139342,Yes,3,6,50,7,Mombasa,Yes,Yes,2.9100000000000001,72.700000000000003,A
S00733,Student_733,M,30,DS,BSc,1,1,88,71,98,30,7,Yes,Laptop,101150,No,7,5,145,39,Kisumu,Yes,No,2.2999999999999998,57.600000000000001,C
S00734,Student_734,M,23,DS,BSc,2,2,92,41,98,72,3,Yes,Laptop,135113,No,3,1,12,43,Nairobi,Yes,Yes,2.9199999999999999,73,A
S00735,Student_735,M,28,IT,BSc,4,1,63,100,27,32,10,Yes,Tablet,171923,Yes,9,2,182,27,Nairobi,Yes,No,1.9099999999999999,47.700000000000003,D
S00736,Student_736,M,25,CS,MSc,3,1,54,56,34,82,6,Yes,Desktop,118003,Yes,15,2,56,51,Nakuru,Yes,No,2.5800000000000001,64.400000000000006,B
S00737,Student_737,F,28,DS,BSc,2,2,88,63,55,71,12,No,Laptop,82755,No,11,7,199,38,Nairobi,Yes,No,2.7200000000000002,67.900000000000006,B
S00738,Student_738,M,33,SE,MSc,2,2,77,88,28,52,11,No,Laptop,167841,No,5,6,13,14,Eldoret,Yes,No,2.2799999999999998,56.899999999999999,C
S00739,Student_739,M,28,DS,BSc,1,2,68,74,37,22,5,No,Laptop,45662,Yes,14,2,116,50,Mombasa,Yes,No,1.6000000000000001,40,D
S00740,Student_740,M,30,SE,MSc,1,2,61,99,32,29,3,No,Desktop,220647,No,3,4,34,59,Kisumu,Yes,No,1.8700000000000001,46.799999999999997,D
S00741,Student_741,M,22,AI,BSc,4,1,97,62,83,21,6,No,Tablet,72577,Yes,6,8,129,44,Nakuru,No,No,1.97,49.200000000000003,D
S00742,Student_742,M,35,AI,BSc,3,1,64,42,87,99,4,Yes,Laptop,286538,No,1,4,33,36,Nairobi,Yes,Yes,3.27,81.700000000000003,A
S00743,Student_743,F,28,IT,BSc,4,1,42,43,43,93,3,No,Tablet,183918,Yes,13,3,13,42,Mombasa,Yes,No,2.7200000000000002,67.900000000000006,B
S00744,Student_744,M,31,AI,BSc,1,2,82,80,38,71,3,No,Laptop,81527,No,13,5,74,0,Nakuru,Yes,No,2.6899999999999999,67.299999999999997,B
S00745,Student_745,F,21,DS,MSc,2,2,40,67,36,90,2,No,Laptop,283288,Yes,14,0,7,28,Eldoret,Yes,No,2.7799999999999998,69.599999999999994,B
S00746,Student_746,F,29,SE,BSc,2,2,42,61,37,33,2,No,Tablet,191935,No,15,7,39,1,Eldoret,Yes,No,1.6100000000000001,40.299999999999997,D
S00747,Student_747,M,23,IT,MSc,4,1,100,68,46,92,6,Yes,Desktop,284518,Yes,8,7,43,41,Kisumu,Yes,Yes,3.1499999999999999,78.799999999999997,A
S00748,Student_748,M,18,IT,BSc,4,1,49,49,77,93,8,No,Laptop,195647,No,9,7,84,5,Eldoret,No,No,3.0600000000000001,76.599999999999994,A
S00749,Student_749,F,29,DS,MSc,3,2,57,70,59,48,10,No,Desktop,118359,Yes,2,7,13,10,Kisumu,Yes,No,2.2200000000000002,55.5,C
S00750,Student_750,F,23,AI,MSc,2,2,51,42,88,45,7,No,Desktop,133905,No,14,1,179,57,Mombasa,Yes,No,2.1400000000000001,53.600000000000001,C
S00751,Student_751,M,18,DS,BSc,3,1,94,66,73,84,3,Yes,Desktop,155100,No,12,8,187,20,Mombasa,Yes,Yes,3.1699999999999999,79.200000000000003,A
S00752,Student_752,F,30,CS,MSc,2,2,65,71,40,84,6,Yes,Desktop,158385,Yes,5,6,161,55,Nairobi,Yes,Yes,2.8300000000000001,70.700000000000003,A
S00753,Student_753,M,25,SE,BSc,2,1,60,48,67,95,1,No,Desktop,174555,No,0,3,196,39,Mombasa,No,No,3.0600000000000001,76.5,A
S00754,Student_754,M,28,AI,BSc,2,2,44,31,94,69,8,No,Tablet,21114,Yes,10,8,127,49,Nairobi,Yes,No,2.5600000000000001,63.899999999999999,B
S00755,Student_755,M,24,DS,BSc,2,2,84,67,35,100,11,No,Desktop,284087,No,11,0,29,31,Nakuru,No,No,3.1499999999999999,78.799999999999997,A
S00756,Student_756,M,29,CS,MSc,2,1,76,62,88,100,3,Yes,Tablet,102945,Yes,14,7,92,29,Kisumu,No,No,3.5,87.599999999999994,A
S00757,Student_757,M,22,SE,MSc,4,2,43,71,75,31,4,Yes,Desktop,46544,No,0,5,75,58,Kisumu,Yes,No,1.96,49,D
S00758,Student_758,F,25,DS,BSc,2,1,68,72,71,28,5,Yes,Desktop,270093,Yes,6,1,183,39,Nakuru,Yes,No,1.98,49.399999999999999,D
S00759,Student_759,F,31,AI,MSc,1,1,95,62,39,74,10,No,Desktop,48482,Yes,2,7,50,43,Nakuru,Yes,No,2.6699999999999999,66.700000000000003,B
S00760,Student_760,F,27,DS,MSc,4,1,81,79,60,48,3,No,Laptop,46240,Yes,7,3,169,37,Nairobi,Yes,No,2.3999999999999999,59.899999999999999,C
S00761,Student_761,M,34,IT,MSc,1,2,45,30,34,24,11,Yes,Tablet,218561,Yes,14,6,192,1,Nakuru,Yes,No,1.1699999999999999,29.300000000000001,F
S00762,Student_762,F,20,SE,MSc,2,2,45,80,30,94,7,No,Tablet,127157,Yes,4,2,141,6,Mombasa,Yes,Yes,2.9399999999999999,73.5,A
S00763,Student_763,M,26,DS,MSc,2,2,40,83,48,86,8,Yes,Laptop,150610,No,2,3,96,16,Nairobi,Yes,Yes,2.9300000000000002,73.200000000000003,A
S00764,Student_764,M,18,CS,BSc,2,2,65,98,67,95,11,No,Desktop,53594,Yes,7,3,139,59,Kisumu,No,No,3.48,87,A
S00765,Student_765,M,26,SE,MSc,1,1,52,95,71,87,7,Yes,Tablet,221136,Yes,9,5,188,28,Eldoret,Yes,Yes,3.2799999999999998,81.900000000000006,A
S00766,Student_766,F,26,DS,MSc,1,1,90,79,60,80,10,No,Laptop,119815,No,13,8,120,2,Nairobi,Yes,Yes,3.0699999999999998,76.799999999999997,A
S00767,Student_767,M,27,IT,MSc,4,1,75,49,82,47,12,Yes,Desktop,267309,Yes,5,4,25,14,Mombasa,Yes,No,2.29,57.200000000000003,C
S00768,Student_768,M,31,DS,MSc,2,2,47,97,33,35,4,Yes,Tablet,235339,No,13,4,63,19,Kisumu,Yes,No,1.9299999999999999,48.200000000000003,D
S00769,Student_769,F,27,CS,MSc,1,2,72,39,76,35,8,Yes,Laptop,198811,Yes,5,6,111,51,Nakuru,No,No,1.9099999999999999,47.700000000000003,D
S00770,Student_770,F,26,IT,MSc,3,2,81,82,82,91,7,Yes,Tablet,177355,No,8,8,195,7,Nairobi,Yes,Yes,3.46,86.400000000000006,A
S00771,Student_771,M,29,AI,BSc,4,1,56,91,60,93,12,Yes,Desktop,203392,Yes,12,4,4,19,Mombasa,Yes,Yes,3.29,82.299999999999997,A
S00772,Student_772,M,27,CS,BSc,2,1,42,79,98,46,3,No,Desktop,88433,No,13,8,66,36,Nakuru,Yes,No,2.5,62.600000000000001,B
S00773,Student_773,M,22,DS,MSc,3,1,58,60,71,33,7,No,Desktop,145340,Yes,13,1,169,50,Kisumu,Yes,No,1.9399999999999999,48.5,D
S00774,Student_774,F,26,DS,MSc,1,2,71,99,52,67,11,Yes,Laptop,264705,Yes,0,4,53,39,Nakuru,No,No,2.8300000000000001,70.799999999999997,A
S00775,Student_775,M,33,AI,BSc,2,2,67,97,70,76,2,Yes,Laptop,28415,No,11,6,164,5,Kisumu,Yes,Yes,3.1200000000000001,78.099999999999994,A
S00776,Student_776,F,35,DS,BSc,2,2,48,36,37,26,11,No,Tablet,225262,No,9,8,154,17,Eldoret,Yes,No,1.3,32.399999999999999,F
S00777,Student_777,M,22,DS,BSc,4,2,90,57,54,31,3,No,Desktop,143299,No,3,0,121,47,Nakuru,Yes,No,1.8700000000000001,46.700000000000003,D
S00778,Student_778,F,31,IT,BSc,1,2,50,46,60,57,6,Yes,Laptop,163098,Yes,10,4,172,40,Mombasa,No,No,2.1899999999999999,54.700000000000003,C
S00779,Student_779,M,21,CS,MSc,1,2,77,60,33,45,5,No,Tablet,71694,No,14,7,17,25,Kisumu,Yes,No,1.95,48.799999999999997,D
S00780,Student_780,F,30,CS,MSc,2,1,74,97,82,83,6,No,Desktop,134364,Yes,2,8,114,12,Nairobi,Yes,Yes,3.3900000000000001,84.700000000000003,A
S00781,Student_781,F,30,DS,BSc,1,2,57,73,45,53,12,No,Desktop,229873,No,3,4,154,49,Mombasa,No,No,2.23,55.799999999999997,C
S00782,Student_782,F,22,CS,MSc,4,2,95,54,36,93,10,No,Laptop,46833,No,15,4,175,49,Eldoret,Yes,Yes,2.96,74,A
S00783,Student_783,M,24,IT,MSc,1,2,92,65,58,30,5,Yes,Tablet,50537,No,7,2,197,5,Kisumu,Yes,No,1.95,48.799999999999997,D
S00784,Student_784,F,18,IT,BSc,2,1,90,49,85,42,6,Yes,Desktop,45946,Yes,9,6,70,26,Nairobi,Yes,No,2.27,56.799999999999997,C
S00785,Student_785,M,29,IT,BSc,2,1,92,56,76,45,5,Yes,Tablet,125032,No,1,7,56,23,Nairobi,Yes,No,2.3199999999999998,58.100000000000001,C
S00786,Student_786,F,35,CS,BSc,1,1,52,37,52,47,11,No,Desktop,183993,Yes,14,3,175,50,Kisumu,Yes,No,1.8600000000000001,46.5,D
S00787,Student_787,M,23,DS,BSc,3,1,62,62,56,46,1,No,Laptop,169398,No,14,1,53,52,Nairobi,Yes,No,2.1099999999999999,52.799999999999997,C
S00788,Student_788,M,27,DS,BSc,3,2,63,36,31,48,5,No,Laptop,101715,No,3,8,195,38,Eldoret,Yes,No,1.75,43.700000000000003,D
S00789,Student_789,M,24,CS,BSc,3,1,73,68,99,24,2,Yes,Laptop,207969,Yes,0,1,11,34,Eldoret,Yes,No,2.1099999999999999,52.700000000000003,C
S00790,Student_790,M,34,AI,BSc,2,1,71,56,41,47,11,No,Tablet,147944,No,13,3,179,59,Kisumu,Yes,No,2,50,C
S00791,Student_791,F,22,IT,MSc,2,2,62,35,85,38,4,Yes,Laptop,96378,No,0,6,114,46,Nakuru,Yes,No,1.97,49.200000000000003,D
S00792,Student_792,M,30,CS,BSc,2,1,81,31,46,49,7,Yes,Tablet,52963,No,12,8,1,39,Mombasa,Yes,No,1.9199999999999999,48,D
S00793,Student_793,M,35,CS,MSc,4,2,55,34,75,50,10,No,Desktop,282308,No,10,2,10,34,Eldoret,No,No,2.0899999999999999,52.299999999999997,C
S00794,Student_794,F,22,IT,BSc,1,2,55,89,26,34,1,No,Laptop,238220,Yes,9,6,155,52,Mombasa,Yes,No,1.8200000000000001,45.5,D
S00795,Student_795,M,35,SE,MSc,3,2,62,71,39,33,4,Yes,Desktop,263466,Yes,2,7,176,56,Eldoret,Yes,No,1.79,44.700000000000003,D
S00796,Student_796,M,30,SE,MSc,4,1,99,87,34,82,4,Yes,Laptop,151569,Yes,12,5,194,8,Mombasa,Yes,Yes,3,75.099999999999994,A
S00797,Student_797,M,26,AI,MSc,4,1,52,63,35,21,1,No,Tablet,122901,Yes,6,7,183,50,Kisumu,Yes,No,1.4099999999999999,35.299999999999997,F
S00798,Student_798,F,20,CS,MSc,2,1,64,67,64,62,5,Yes,Laptop,159033,No,8,4,170,48,Eldoret,Yes,No,2.54,63.600000000000001,B
S00799,Student_799,M,27,SE,MSc,1,2,55,55,27,64,4,Yes,Laptop,112610,Yes,12,6,44,44,Nakuru,Yes,No,2.1600000000000001,53.899999999999999,C
S00800,Student_800,M,27,CS,MSc,4,2,76,58,75,44,3,Yes,Desktop,64095,Yes,12,1,143,11,Kisumu,Yes,No,2.25,56.200000000000003,C
S00801,Student_801,M,28,IT,MSc,2,2,90,65,71,78,4,No,Laptop,169351,No,14,0,200,48,Nairobi,No,No,3.0099999999999998,75.200000000000003,A
S00802,Student_802,F,35,SE,MSc,1,2,91,42,65,78,1,Yes,Laptop,70844,No,1,0,181,39,Nairobi,No,No,2.7799999999999998,69.5,B
S00803,Student_803,F,28,IT,MSc,4,2,94,35,99,36,8,Yes,Tablet,116170,Yes,12,1,45,34,Nakuru,Yes,No,2.1699999999999999,54.200000000000003,C
S00804,Student_804,F,33,DS,MSc,1,2,66,81,29,94,3,Yes,Tablet,63211,No,5,6,145,60,Nairobi,Yes,Yes,3.02,75.599999999999994,A
S00805,Student_805,M,24,IT,BSc,2,2,45,91,83,47,3,No,Laptop,260966,No,3,1,173,29,Eldoret,Yes,No,2.5099999999999998,62.799999999999997,B
S00806,Student_806,F,19,IT,BSc,1,2,66,39,84,20,8,Yes,Tablet,147805,Yes,7,2,7,55,Eldoret,No,No,1.6499999999999999,41.200000000000003,D
S00807,Student_807,M,28,CS,MSc,2,2,83,97,30,39,2,Yes,Tablet,287115,Yes,4,3,89,14,Nakuru,Yes,No,2.1299999999999999,53.200000000000003,C
S00808,Student_808,F,22,DS,BSc,2,2,80,35,88,73,11,No,Desktop,38361,No,3,5,33,43,Nairobi,Yes,No,2.7599999999999998,69.099999999999994,B
S00809,Student_809,F,18,DS,MSc,3,1,86,79,59,75,5,Yes,Laptop,267884,Yes,10,4,198,52,Eldoret,Yes,Yes,2.9500000000000002,73.700000000000003,A
S00810,Student_810,F,29,CS,MSc,2,1,95,96,97,34,2,Yes,Tablet,256369,No,7,7,19,53,Mombasa,Yes,No,2.6000000000000001,65.099999999999994,B
S00811,Student_811,M,23,CS,BSc,1,2,71,38,70,96,5,No,Desktop,126166,No,13,3,35,58,Mombasa,Yes,Yes,3.0699999999999998,76.700000000000003,A
S00812,Student_812,M,29,SE,BSc,2,1,60,89,99,82,5,Yes,Desktop,96890,No,3,4,52,38,Nakuru,Yes,Yes,3.3799999999999999,84.599999999999994,A
S00813,Student_813,M,31,IT,BSc,1,2,72,62,74,22,1,No,Desktop,141010,No,2,7,74,55,Eldoret,Yes,No,1.8200000000000001,45.399999999999999,D
S00814,Student_814,M,30,CS,MSc,2,1,47,88,62,73,3,No,Tablet,30657,No,7,7,6,24,Nakuru,No,No,2.8500000000000001,71.200000000000003,A
S00815,Student_815,M,22,SE,BSc,1,1,64,79,87,43,9,No,Tablet,295255,Yes,0,4,74,34,Mombasa,Yes,No,2.4399999999999999,61.100000000000001,B
S00816,Student_816,M,18,IT,BSc,4,1,98,66,32,80,6,Yes,Laptop,46325,No,12,3,157,9,Eldoret,Yes,No,2.7799999999999998,69.400000000000006,B
S00817,Student_817,M,21,DS,BSc,1,2,89,66,62,31,9,Yes,Desktop,186062,No,7,5,54,54,Nairobi,Yes,No,2,50,C
S00818,Student_818,M,22,SE,BSc,4,1,43,48,73,70,5,No,Desktop,88187,No,13,3,154,47,Eldoret,No,No,2.54,63.5,B
S00819,Student_819,M,29,SE,BSc,3,1,74,37,92,37,4,No,Desktop,173275,No,1,4,124,26,Mombasa,Yes,No,2.0699999999999998,51.700000000000003,C
S00820,Student_820,F,23,AI,MSc,3,2,74,85,36,89,6,Yes,Laptop,32604,Yes,9,2,192,46,Eldoret,Yes,Yes,3.04,76.099999999999994,A
S00821,Student_821,F,32,IT,BSc,2,1,44,33,81,69,3,Yes,Laptop,210556,No,9,0,85,7,Mombasa,Yes,No,2.4700000000000002,61.700000000000003,B
S00822,Student_822,M,18,CS,MSc,1,1,66,72,45,54,6,Yes,Desktop,29417,Yes,1,7,97,49,Nakuru,Yes,No,2.2799999999999998,57,C
S00823,Student_823,F,33,CS,BSc,1,2,53,36,92,84,2,No,Laptop,67696,No,7,3,11,39,Nairobi,Yes,Yes,2.9199999999999999,72.900000000000006,A
S00824,Student_824,F,30,SE,MSc,1,2,76,98,57,100,11,No,Tablet,285060,Yes,0,4,10,4,Mombasa,Yes,Yes,3.54,88.599999999999994,A
S00825,Student_825,F,34,SE,BSc,2,1,62,68,67,68,6,No,Desktop,57748,Yes,15,3,63,51,Kisumu,Yes,No,2.6899999999999999,67.200000000000003,B
S00826,Student_826,F,29,CS,BSc,2,2,44,66,89,35,7,Yes,Desktop,67903,No,8,8,114,30,Nakuru,Yes,No,2.1200000000000001,52.899999999999999,C
S00827,Student_827,M,25,SE,MSc,1,1,64,89,65,91,12,Yes,Tablet,73988,No,1,3,2,49,Kisumu,Yes,Yes,3.3100000000000001,82.700000000000003,A
S00828,Student_828,M,32,AI,BSc,2,2,84,47,90,90,3,Yes,Laptop,72922,No,1,1,185,18,Kisumu,Yes,Yes,3.23,80.799999999999997,A
S00829,Student_829,M,18,CS,MSc,2,1,89,67,38,76,1,No,Tablet,258314,Yes,0,4,63,2,Mombasa,No,No,2.7200000000000002,67.900000000000006,B
S00830,Student_830,F,22,CS,BSc,3,1,47,100,70,91,1,Yes,Desktop,239067,No,11,5,170,45,Mombasa,Yes,Yes,3.3700000000000001,84.200000000000003,A
S00831,Student_831,M,34,IT,MSc,4,2,90,58,81,63,3,No,Laptop,38934,No,2,1,187,55,Kisumu,Yes,No,2.73,68.299999999999997,B
S00832,Student_832,M,34,AI,MSc,2,2,52,45,36,25,12,Yes,Laptop,67423,No,5,0,33,59,Eldoret,Yes,No,1.3600000000000001,33.899999999999999,F
S00833,Student_833,F,18,SE,MSc,1,2,68,89,63,28,11,No,Desktop,204971,Yes,13,5,33,47,Nairobi,No,No,2.0499999999999998,51.200000000000003,C
S00834,Student_834,M,29,SE,BSc,3,2,45,54,56,84,12,Yes,Tablet,91563,Yes,4,0,28,16,Kisumu,Yes,No,2.7400000000000002,68.5,B
S00835,Student_835,M,22,AI,MSc,2,1,76,39,27,62,5,No,Laptop,233242,Yes,0,3,171,57,Mombasa,No,No,2.0699999999999998,51.799999999999997,C
S00836,Student_836,M,22,CS,MSc,3,1,42,61,33,48,6,No,Laptop,179368,Yes,9,7,34,10,Mombasa,No,No,1.8799999999999999,47,D
S00837,Student_837,F,24,DS,BSc,4,2,49,93,47,94,10,No,Laptop,87827,No,11,6,198,19,Kisumu,Yes,Yes,3.2000000000000002,79.900000000000006,A
S00838,Student_838,F,25,IT,MSc,1,2,95,72,90,52,5,No,Laptop,276192,Yes,6,7,55,10,Nakuru,Yes,No,2.7200000000000002,67.900000000000006,B
S00839,Student_839,M,20,CS,BSc,4,1,52,92,63,54,10,No,Tablet,44797,No,4,0,92,57,Nakuru,No,No,2.5299999999999998,63.200000000000003,B
S00840,Student_840,M,22,IT,BSc,4,2,84,47,74,92,11,Yes,Tablet,176914,Yes,6,6,172,12,Nairobi,No,No,3.1400000000000001,78.599999999999994,A
S00841,Student_841,M,19,CS,BSc,1,2,54,89,50,45,8,No,Laptop,190786,No,9,4,163,60,Mombasa,Yes,No,2.23,55.700000000000003,C
S00842,Student_842,M,21,IT,BSc,4,2,52,63,95,92,9,No,Tablet,119025,Yes,0,8,53,39,Mombasa,Yes,Yes,3.3100000000000001,82.799999999999997,A
S00843,Student_843,F,29,IT,MSc,2,2,60,46,91,23,6,Yes,Desktop,270107,Yes,0,3,109,16,Nairobi,Yes,No,1.8,44.899999999999999,D
S00844,Student_844,M,31,CS,MSc,2,2,91,64,51,74,4,Yes,Tablet,76275,Yes,9,2,190,43,Mombasa,Yes,No,2.7599999999999998,69.099999999999994,B
S00845,Student_845,F,20,CS,MSc,1,1,66,36,50,100,10,No,Laptop,113932,Yes,2,8,146,14,Kisumu,Yes,Yes,2.9500000000000002,73.799999999999997,A
S00846,Student_846,F,25,DS,MSc,1,1,64,62,89,93,10,No,Desktop,150855,Yes,7,4,149,16,Nakuru,Yes,Yes,3.3199999999999998,83.099999999999994,A
S00847,Student_847,F,29,IT,MSc,4,1,57,59,51,51,5,Yes,Laptop,174804,Yes,13,7,81,0,Eldoret,No,No,2.1299999999999999,53.200000000000003,C
S00848,Student_848,M,35,AI,MSc,2,2,50,49,96,60,7,Yes,Laptop,142139,No,3,7,8,2,Eldoret,Yes,No,2.5600000000000001,64,B
S00849,Student_849,M,32,IT,BSc,4,1,56,70,99,33,2,Yes,Desktop,60684,No,8,7,186,33,Nairobi,Yes,No,2.2400000000000002,55.899999999999999,C
S00850,Student_850,M,29,CS,BSc,1,2,54,38,79,24,2,No,Desktop,195854,Yes,13,4,98,57,Nakuru,Yes,No,1.6299999999999999,40.799999999999997,D
S00851,Student_851,M,25,DS,BSc,2,1,71,90,92,59,6,Yes,Desktop,51363,Yes,6,6,175,38,Eldoret,Yes,Yes,2.9199999999999999,73,A
S00852,Student_852,F,35,SE,BSc,4,2,83,59,75,39,4,Yes,Laptop,233961,Yes,6,7,179,40,Eldoret,Yes,No,2.1800000000000002,54.600000000000001,C
S00853,Student_853,F,22,AI,BSc,4,2,87,44,82,39,11,Yes,Tablet,21755,No,11,3,180,41,Mombasa,Yes,No,2.1400000000000001,53.399999999999999,C
S00854,Student_854,M,29,DS,MSc,2,1,69,83,80,60,4,No,Desktop,295121,Yes,6,0,135,27,Eldoret,Yes,No,2.7799999999999998,69.5,B
S00855,Student_855,M,23,CS,BSc,4,2,79,62,59,38,12,Yes,Desktop,257418,Yes,6,0,151,60,Mombasa,Yes,No,2.04,51.100000000000001,C
S00856,Student_856,F,21,DS,BSc,1,2,72,89,97,39,1,No,Laptop,69449,Yes,11,1,138,26,Eldoret,Yes,No,2.5600000000000001,63.899999999999999,B
S00857,Student_857,F,32,CS,MSc,4,1,63,54,82,78,3,No,Desktop,86395,No,14,5,59,46,Kisumu,Yes,Yes,2.8999999999999999,72.5,A
S00858,Student_858,M,29,CS,BSc,4,1,43,95,81,41,9,Yes,Desktop,240801,No,9,6,96,42,Kisumu,Yes,No,2.3999999999999999,60,B
S00859,Student_859,M,28,IT,BSc,2,2,99,46,53,85,12,No,Desktop,209455,No,3,8,13,9,Nakuru,Yes,Yes,2.8900000000000001,72.200000000000003,A
S00860,Student_860,M,24,SE,MSc,1,2,82,82,72,80,1,No,Tablet,232514,Yes,0,7,56,24,Nairobi,Yes,Yes,3.1600000000000001,79,A
S00861,Student_861,F,26,DS,BSc,1,2,81,96,73,52,4,Yes,Tablet,179309,Yes,15,8,194,58,Mombasa,Yes,No,2.7200000000000002,67.900000000000006,B
S00862,Student_862,F,35,CS,BSc,3,1,71,72,76,64,3,No,Laptop,50311,No,2,0,176,15,Eldoret,Yes,No,2.75,68.700000000000003,B
S00863,Student_863,M,21,AI,BSc,2,2,99,46,72,88,3,Yes,Tablet,182429,No,0,0,108,19,Kisumu,Yes,Yes,3.1000000000000001,77.5,A
S00864,Student_864,F,20,SE,BSc,2,2,75,58,71,25,5,Yes,Desktop,172716,No,6,0,137,57,Eldoret,Yes,No,1.8300000000000001,45.799999999999997,D
S00865,Student_865,F,24,AI,BSc,4,1,92,83,27,41,6,Yes,Desktop,71842,Yes,3,4,6,24,Nakuru,Yes,No,2.0699999999999998,51.700000000000003,C
S00866,Student_866,M,29,IT,BSc,3,1,50,92,83,33,12,Yes,Laptop,210083,Yes,12,3,128,27,Nakuru,Yes,No,2.2599999999999998,56.5,C
S00867,Student_867,F,34,IT,BSc,3,2,45,100,69,85,4,No,Desktop,208992,No,1,7,84,30,Nakuru,No,No,3.23,80.799999999999997,A
S00868,Student_868,F,22,AI,MSc,3,2,88,70,72,88,4,Yes,Tablet,233851,No,1,0,80,7,Nakuru,Yes,Yes,3.25,81.200000000000003,A
S00869,Student_869,M,23,AI,BSc,4,1,68,92,30,50,7,Yes,Tablet,171564,Yes,15,8,192,10,Eldoret,Yes,No,2.25,56.200000000000003,C
S00870,Student_870,F,21,SE,MSc,4,2,40,52,81,51,4,No,Laptop,65516,No,15,3,45,43,Mombasa,Yes,No,2.2400000000000002,56.100000000000001,C
S00871,Student_871,F,24,DS,MSc,3,1,79,62,79,77,8,Yes,Tablet,58029,Yes,2,7,116,29,Eldoret,Yes,Yes,2.98,74.599999999999994,A
S00872,Student_872,F,22,IT,MSc,2,2,86,33,87,77,10,Yes,Laptop,198250,Yes,3,3,75,32,Eldoret,Yes,Yes,2.8399999999999999,71.099999999999994,A
S00873,Student_873,F,31,IT,BSc,3,2,61,60,83,70,12,Yes,Tablet,204193,Yes,1,3,56,40,Kisumu,No,No,2.79,69.700000000000003,B
S00874,Student_874,M,34,IT,BSc,3,2,95,41,89,96,1,Yes,Tablet,128113,No,12,8,189,32,Eldoret,Yes,Yes,3.3399999999999999,83.5,A
S00875,Student_875,M,31,CS,MSc,1,1,43,82,83,59,1,No,Tablet,201374,Yes,5,0,12,24,Kisumu,Yes,No,2.6699999999999999,66.799999999999997,B
S00876,Student_876,M,32,DS,BSc,4,1,63,37,61,51,3,No,Tablet,67549,Yes,4,1,158,36,Nairobi,Yes,No,2.0600000000000001,51.399999999999999,C
S00877,Student_877,M,19,DS,BSc,3,1,95,92,64,80,12,No,Desktop,66990,Yes,15,2,148,58,Nakuru,Yes,Yes,3.23,80.700000000000003,A
S00878,Student_878,M,31,IT,BSc,2,2,77,35,37,34,5,No,Tablet,140755,Yes,10,3,104,33,Nakuru,Yes,No,1.5600000000000001,39.100000000000001,F
S00879,Student_879,M,34,CS,BSc,1,2,80,71,92,100,2,Yes,Desktop,104955,Yes,10,0,148,26,Eldoret,Yes,Yes,3.6200000000000001,90.599999999999994,A
S00880,Student_880,M,32,AI,MSc,2,2,60,36,100,93,3,No,Desktop,25698,No,14,0,192,30,Nakuru,No,No,3.1899999999999999,79.700000000000003,A
S00881,Student_881,M,23,CS,MSc,3,1,41,90,30,90,2,No,Desktop,162907,No,3,1,145,2,Eldoret,Yes,Yes,2.9199999999999999,73.099999999999994,A
S00882,Student_882,M,21,IT,MSc,2,1,63,76,100,52,8,No,Laptop,187248,No,3,2,35,57,Eldoret,Yes,No,2.7000000000000002,67.5,B
S00883,Student_883,M,34,DS,BSc,1,1,51,41,97,42,10,Yes,Tablet,194680,No,1,8,33,47,Eldoret,Yes,No,2.1499999999999999,53.700000000000003,C
S00884,Student_884,M,31,SE,MSc,2,2,51,35,29,84,3,Yes,Laptop,280776,No,12,4,44,39,Nairobi,Yes,No,2.3999999999999999,59.899999999999999,C
S00885,Student_885,M,30,SE,MSc,2,1,76,93,93,32,4,Yes,Tablet,128452,Yes,7,5,131,4,Eldoret,Yes,No,2.4300000000000002,60.799999999999997,B
S00886,Student_886,F,32,CS,MSc,2,2,69,75,92,26,7,No,Tablet,188015,Yes,14,6,98,58,Nairobi,Yes,No,2.1299999999999999,53.299999999999997,C
S00887,Student_887,M,35,AI,BSc,2,2,43,56,83,99,4,No,Laptop,149361,Yes,6,6,71,15,Eldoret,Yes,Yes,3.2599999999999998,81.599999999999994,A
S00888,Student_888,F,24,SE,BSc,2,1,52,85,28,86,5,No,Desktop,145055,Yes,13,1,62,10,Nairobi,No,No,2.8300000000000001,70.799999999999997,A
S00889,Student_889,F,33,SE,BSc,1,1,49,73,49,22,7,Yes,Desktop,289635,No,2,4,65,41,Kisumu,Yes,No,1.6100000000000001,40.299999999999997,D
S00890,Student_890,F,28,IT,BSc,3,1,90,79,79,57,1,No,Desktop,236112,No,10,6,178,57,Mombasa,Yes,No,2.7599999999999998,69.099999999999994,B
S00891,Student_891,M,21,DS,MSc,3,1,49,54,54,33,6,Yes,Laptop,137714,No,6,1,180,50,Nakuru,Yes,No,1.72,43,D
S00892,Student_892,F,26,DS,MSc,1,2,75,31,87,67,4,No,Tablet,169897,No,14,3,113,42,Mombasa,Yes,No,2.5800000000000001,64.599999999999994,B
S00893,Student_893,F,29,CS,BSc,2,2,78,92,72,79,10,No,Laptop,258357,No,7,6,107,30,Kisumu,Yes,Yes,3.2000000000000002,80.099999999999994,A
S00894,Student_894,M,20,AI,BSc,2,2,72,73,91,54,5,No,Laptop,228704,No,0,7,51,44,Eldoret,Yes,No,2.6800000000000002,67,B
S00895,Student_895,M,26,IT,MSc,1,1,64,45,99,61,4,No,Laptop,221587,Yes,15,0,153,32,Nairobi,Yes,No,2.6299999999999999,65.700000000000003,B
S00896,Student_896,M,25,SE,BSc,4,1,98,49,70,79,12,Yes,Desktop,227037,No,4,2,159,54,Kisumu,Yes,Yes,2.9199999999999999,73.099999999999994,A
S00897,Student_897,F,25,CS,BSc,4,1,86,49,74,53,2,No,Desktop,153742,Yes,13,7,181,25,Eldoret,Yes,No,2.3900000000000001,59.700000000000003,C
S00898,Student_898,M,31,IT,MSc,3,2,42,69,61,44,12,Yes,Laptop,133132,No,12,5,127,19,Eldoret,Yes,No,2.0899999999999999,52.200000000000003,C
S00899,Student_899,F,33,CS,BSc,3,2,91,86,86,31,8,No,Tablet,59000,Yes,2,1,5,57,Kisumu,Yes,No,2.3599999999999999,59,C
S00900,Student_900,M,22,CS,MSc,1,2,45,48,56,59,5,No,Tablet,47256,No,15,8,11,25,Kisumu,Yes,No,2.1899999999999999,54.799999999999997,C
S00901,Student_901,M,19,CS,MSc,4,1,95,63,47,64,9,Yes,Desktop,113887,No,10,8,164,56,Nakuru,Yes,No,2.54,63.5,B
S00902,Student_902,M,30,SE,MSc,2,2,45,46,57,92,11,Yes,Desktop,83154,Yes,2,4,124,19,Eldoret,No,No,2.8399999999999999,71.099999999999994,A
S00903,Student_903,F,27,SE,BSc,1,2,74,33,49,37,7,No,Laptop,115118,Yes,3,0,133,49,Mombasa,Yes,No,1.6899999999999999,42.299999999999997,D
S00904,Student_904,M,19,IT,MSc,3,2,50,74,78,100,5,No,Laptop,298011,No,15,8,168,10,Nakuru,No,No,3.4199999999999999,85.400000000000006,A
S00905,Student_905,M,31,DS,BSc,4,1,77,36,84,34,10,Yes,Desktop,29519,Yes,14,6,92,31,Kisumu,Yes,No,1.95,48.700000000000003,D
S00906,Student_906,M,32,IT,MSc,2,1,55,76,79,30,7,Yes,Tablet,101248,No,1,8,150,37,Eldoret,No,No,2.0600000000000001,51.5,C
S00907,Student_907,M,29,DS,BSc,4,1,79,94,78,76,10,No,Laptop,41255,Yes,12,2,142,12,Kisumu,Yes,Yes,3.21,80.299999999999997,A
S00908,Student_908,M,28,IT,BSc,4,1,44,64,90,65,10,Yes,Tablet,25272,Yes,5,6,134,9,Eldoret,Yes,No,2.71,67.700000000000003,B
S00909,Student_909,F,30,IT,MSc,4,2,48,50,44,70,2,No,Desktop,113511,No,7,3,96,10,Nakuru,Yes,No,2.3399999999999999,58.600000000000001,C
S00910,Student_910,F,19,CS,MSc,4,1,40,99,75,50,4,No,Laptop,188703,No,7,8,54,56,Kisumu,Yes,No,2.5499999999999998,63.799999999999997,B
S00911,Student_911,M,31,DS,BSc,2,1,40,72,36,48,12,Yes,Laptop,129237,No,14,8,63,46,Kisumu,Yes,No,1.98,49.600000000000001,D
S00912,Student_912,F,25,SE,MSc,2,1,56,50,41,46,5,Yes,Laptop,117746,Yes,9,5,89,55,Kisumu,No,No,1.8700000000000001,46.799999999999997,D
S00913,Student_913,M,24,SE,BSc,1,1,95,66,78,40,11,No,Tablet,261620,No,15,5,171,8,Mombasa,Yes,No,2.3300000000000001,58.299999999999997,C
S00914,Student_914,M,25,IT,BSc,4,1,89,89,36,86,8,No,Desktop,36818,Yes,11,1,19,45,Kisumu,Yes,Yes,3.0800000000000001,76.900000000000006,A
S00915,Student_915,M,26,DS,BSc,2,2,84,91,55,55,3,No,Laptop,226925,No,7,5,167,39,Eldoret,Yes,No,2.6000000000000001,65.099999999999994,B
S00916,Student_916,F,34,SE,MSc,2,1,40,83,28,79,4,Yes,Desktop,214996,No,15,1,109,46,Nairobi,Yes,No,2.6299999999999999,65.700000000000003,B
S00917,Student_917,M,21,DS,MSc,1,1,91,57,60,65,6,Yes,Laptop,82377,No,5,4,148,7,Eldoret,Yes,No,2.6000000000000001,65,B
S00918,Student_918,F,26,AI,MSc,3,1,58,84,53,55,10,No,Tablet,72222,No,5,5,187,34,Eldoret,Yes,No,2.4300000000000002,60.700000000000003,B
S00919,Student_919,M,34,IT,BSc,3,2,59,92,37,28,11,No,Laptop,167989,No,6,4,100,38,Nairobi,No,No,1.8300000000000001,45.700000000000003,D
S00920,Student_920,F,28,DS,MSc,2,2,65,30,54,36,8,No,Tablet,264963,Yes,3,8,146,47,Nakuru,Yes,No,1.6499999999999999,41.299999999999997,D
S00921,Student_921,M,22,SE,MSc,4,1,86,45,100,46,12,No,Tablet,77046,Yes,12,6,31,34,Kisumu,Yes,No,2.4199999999999999,60.600000000000001,B
S00922,Student_922,M,23,DS,MSc,1,1,58,95,67,37,8,No,Tablet,54010,Yes,5,4,125,8,Kisumu,Yes,No,2.27,56.700000000000003,C
S00923,Student_923,M,19,DS,BSc,1,2,100,88,77,51,1,No,Laptop,100016,No,12,7,93,9,Kisumu,Yes,No,2.7400000000000002,68.5,B
S00924,Student_924,M,28,IT,BSc,2,1,43,56,51,72,4,Yes,Laptop,59719,Yes,4,1,5,38,Eldoret,Yes,No,2.4700000000000002,61.700000000000003,B
S00925,Student_925,M,34,SE,BSc,2,1,79,30,44,31,1,No,Desktop,189533,No,8,5,42,23,Eldoret,No,No,1.53,38.200000000000003,F
S00926,Student_926,F,20,DS,BSc,4,2,93,87,46,26,4,Yes,Tablet,85435,Yes,1,0,52,23,Eldoret,No,No,1.96,48.899999999999999,D
S00927,Student_927,M,26,AI,BSc,3,1,60,33,65,41,7,No,Laptop,84795,Yes,4,3,194,14,Mombasa,Yes,No,1.8400000000000001,46.100000000000001,D
S00928,Student_928,F,23,IT,BSc,2,2,67,78,25,96,9,Yes,Laptop,57676,Yes,10,4,17,10,Mombasa,Yes,Yes,3.0099999999999998,75.299999999999997,A
S00929,Student_929,F,20,SE,BSc,3,1,46,81,46,95,6,No,Tablet,32153,No,12,5,129,54,Mombasa,No,No,3.1000000000000001,77.5,A
S00930,Student_930,M,27,DS,BSc,1,1,52,64,37,53,6,No,Tablet,22065,Yes,0,6,131,36,Nairobi,Yes,No,2.0800000000000001,51.899999999999999,C
S00931,Student_931,F,32,DS,BSc,1,1,48,62,88,49,10,No,Tablet,99509,Yes,14,5,121,55,Nairobi,Yes,No,2.3700000000000001,59.299999999999997,C
S00932,Student_932,M,25,CS,MSc,4,1,82,95,25,88,8,Yes,Desktop,240483,Yes,3,0,59,35,Kisumu,Yes,Yes,3.0499999999999998,76.200000000000003,A
S00933,Student_933,M,27,CS,MSc,2,1,52,42,39,53,5,Yes,Tablet,212698,Yes,6,5,176,54,Nairobi,Yes,No,1.9199999999999999,47.899999999999999,D
S00934,Student_934,M,30,CS,BSc,1,1,54,61,46,25,3,No,Laptop,196883,No,14,0,59,37,Eldoret,Yes,No,1.5700000000000001,39.299999999999997,F
S00935,Student_935,F,30,DS,BSc,1,1,76,52,31,78,2,Yes,Tablet,280854,No,1,3,62,2,Nakuru,No,No,2.5299999999999998,63.200000000000003,B
S00936,Student_936,F,34,DS,MSc,1,2,82,88,61,47,6,Yes,Desktop,80471,No,12,5,50,51,Kisumu,Yes,No,2.46,61.5,B
S00937,Student_937,M,28,CS,BSc,4,1,66,36,65,34,6,No,Desktop,227836,No,1,3,119,15,Mombasa,Yes,No,1.75,43.799999999999997,D
S00938,Student_938,F,33,CS,MSc,1,1,46,67,88,34,3,No,Desktop,183472,No,7,0,151,30,Eldoret,Yes,No,2.1000000000000001,52.600000000000001,C
S00939,Student_939,F,29,SE,BSc,4,1,93,67,85,72,8,Yes,Tablet,25665,No,8,3,11,8,Nairobi,Yes,Yes,3.0299999999999998,75.700000000000003,A
S00940,Student_940,M,33,DS,BSc,3,1,86,64,52,51,5,No,Tablet,286054,Yes,12,7,105,42,Kisumu,Yes,No,2.29,57.299999999999997,C
S00941,Student_941,F,35,SE,BSc,4,1,94,77,66,92,10,No,Tablet,146015,No,11,3,157,40,Eldoret,Yes,Yes,3.3599999999999999,84,A
S00942,Student_942,M,26,CS,MSc,1,2,42,96,51,65,3,No,Laptop,51002,Yes,9,3,18,9,Nairobi,No,No,2.6400000000000001,66.099999999999994,B
S00943,Student_943,M,33,IT,BSc,2,1,99,92,46,41,2,Yes,Tablet,104517,No,4,4,192,35,Eldoret,Yes,No,2.3199999999999998,58,C
S00944,Student_944,F,30,SE,MSc,3,2,87,67,85,57,10,Yes,Laptop,127279,No,13,6,85,36,Mombasa,Yes,No,2.7000000000000002,67.599999999999994,B
S00945,Student_945,M,18,SE,BSc,1,2,41,39,25,32,3,Yes,Tablet,231340,Yes,10,0,42,25,Mombasa,Yes,No,1.3200000000000001,32.899999999999999,F
S00946,Student_946,M,19,SE,MSc,1,1,82,40,87,93,8,Yes,Desktop,48256,Yes,12,0,113,56,Nakuru,Yes,Yes,3.2000000000000002,80.099999999999994,A
S00947,Student_947,F,24,AI,MSc,3,2,81,66,51,37,6,No,Laptop,130220,No,1,2,13,9,Eldoret,Yes,No,2,50,C
S00948,Student_948,F,27,AI,BSc,4,2,82,47,53,75,2,No,Desktop,80280,No,1,4,87,31,Nakuru,No,No,2.6299999999999999,65.700000000000003,B
S00949,Student_949,M,23,CS,MSc,4,1,99,99,92,68,11,Yes,Desktop,184941,No,2,6,156,53,Mombasa,Yes,Yes,3.2799999999999998,82.099999999999994,A
S00950,Student_950,M,20,DS,BSc,4,1,46,32,30,49,3,Yes,Desktop,139357,No,8,0,31,13,Kisumu,Yes,No,1.6599999999999999,41.5,D
S00951,Student_951,F,28,CS,BSc,1,2,70,85,57,47,7,Yes,Tablet,28577,No,4,1,140,32,Kisumu,Yes,No,2.3599999999999999,58.899999999999999,C
S00952,Student_952,M,20,IT,BSc,1,1,92,56,85,52,5,Yes,Desktop,231890,Yes,0,1,80,8,Kisumu,No,No,2.54,63.399999999999999,B
S00953,Student_953,M,27,DS,MSc,3,2,49,96,32,68,11,No,Laptop,178238,Yes,11,2,161,28,Nakuru,Yes,No,2.5800000000000001,64.5,B
S00954,Student_954,M,33,CS,MSc,1,2,64,30,74,49,11,No,Laptop,225567,Yes,13,7,139,53,Mombasa,Yes,No,2.0699999999999998,51.700000000000003,C
S00955,Student_955,M,35,DS,BSc,3,2,42,54,66,20,11,Yes,Laptop,107079,No,4,0,112,42,Nairobi,Yes,No,1.53,38.200000000000003,F
S00956,Student_956,F,28,SE,MSc,2,2,49,67,77,78,1,No,Tablet,184446,No,6,3,12,49,Nakuru,Yes,Yes,2.9100000000000001,72.700000000000003,A
S00957,Student_957,M,31,IT,BSc,4,1,89,32,36,47,12,Yes,Tablet,64133,Yes,6,7,63,51,Eldoret,Yes,No,1.8400000000000001,46,D
S00958,Student_958,M,29,CS,MSc,4,2,96,96,84,89,1,Yes,Laptop,137374,No,5,0,34,54,Mombasa,Yes,Yes,3.6000000000000001,90.099999999999994,A
S00959,Student_959,M,19,CS,BSc,4,2,61,72,78,37,5,No,Laptop,164526,Yes,7,7,37,5,Mombasa,Yes,No,2.1800000000000002,54.600000000000001,C
S00960,Student_960,M,20,DS,MSc,4,1,72,77,97,55,4,No,Tablet,132384,Yes,10,1,124,38,Mombasa,Yes,No,2.7799999999999998,69.5,B
S00961,Student_961,M,34,AI,MSc,4,1,41,66,83,56,5,No,Desktop,154939,Yes,10,7,12,46,Eldoret,Yes,No,2.48,61.899999999999999,B
S00962,Student_962,M,21,CS,MSc,1,1,74,88,84,67,2,No,Laptop,31041,No,4,0,88,50,Nairobi,No,No,3.0099999999999998,75.299999999999997,A
S00963,Student_963,F,34,IT,BSc,2,1,98,64,91,39,11,Yes,Laptop,124327,Yes,5,3,85,7,Eldoret,Yes,No,2.4100000000000001,60.299999999999997,B
S00964,Student_964,M,33,CS,MSc,2,1,76,69,94,39,10,Yes,Tablet,118489,No,6,0,105,55,Eldoret,Yes,No,2.3900000000000001,59.700000000000003,C
S00965,Student_965,M,29,CS,BSc,3,2,75,89,61,86,2,Yes,Desktop,126697,No,13,8,14,34,Eldoret,Yes,Yes,3.2200000000000002,80.5,A
S00966,Student_966,F,32,SE,MSc,3,1,83,34,78,36,4,Yes,Desktop,42021,Yes,11,6,194,12,Nairobi,Yes,No,1.95,48.700000000000003,D
S00967,Student_967,M,20,CS,BSc,3,2,56,84,67,57,7,Yes,Laptop,179017,No,0,8,95,5,Nakuru,Yes,No,2.5699999999999998,64.299999999999997,B
S00968,Student_968,F,30,SE,MSc,3,2,75,34,83,61,3,Yes,Laptop,276907,No,14,6,125,52,Mombasa,Yes,No,2.46,61.399999999999999,B
S00969,Student_969,F,35,AI,BSc,2,2,64,70,53,62,4,No,Laptop,21401,No,12,8,128,57,Nakuru,No,No,2.48,62,B
S00970,Student_970,M,24,CS,MSc,4,2,71,81,79,21,4,Yes,Desktop,290275,No,5,1,111,59,Nairobi,Yes,No,1.98,49.600000000000001,D
S00971,Student_971,F,34,IT,MSc,2,2,81,30,47,27,10,No,Desktop,48323,No,2,4,86,21,Nakuru,No,No,1.48,37,F
S00972,Student_972,M,18,AI,BSc,4,1,74,61,63,91,9,No,Laptop,52549,Yes,14,6,41,50,Nakuru,Yes,Yes,3.1099999999999999,77.700000000000003,A
S00973,Student_973,M,20,SE,BSc,4,2,50,32,33,67,2,No,Tablet,141231,No,7,8,115,12,Mombasa,No,No,2.0600000000000001,51.5,C
S00974,Student_974,M,27,DS,BSc,3,1,63,60,89,33,3,No,Desktop,247904,No,10,2,99,17,Kisumu,Yes,No,2.1000000000000001,52.600000000000001,C
S00975,Student_975,M,20,SE,MSc,3,2,79,68,44,29,3,Yes,Desktop,32636,Yes,0,3,174,8,Mombasa,No,No,1.79,44.799999999999997,D
S00976,Student_976,M,32,IT,MSc,4,2,69,96,56,51,11,No,Desktop,202991,No,0,3,39,2,Nakuru,Yes,No,2.5099999999999998,62.799999999999997,B
S00977,Student_977,M,18,CS,BSc,4,2,78,83,42,34,3,No,Laptop,222897,No,14,0,123,19,Mombasa,No,No,1.99,49.799999999999997,D
S00978,Student_978,F,22,DS,BSc,4,2,41,40,49,36,7,Yes,Tablet,268949,No,4,6,103,48,Kisumu,Yes,No,1.6000000000000001,39.899999999999999,F
S00979,Student_979,M,21,AI,BSc,2,1,80,51,66,64,3,Yes,Laptop,146134,No,3,6,163,22,Nairobi,No,No,2.54,63.399999999999999,B
S00980,Student_980,F,25,DS,BSc,1,1,92,62,58,95,9,No,Desktop,299873,No,13,1,120,58,Mombasa,Yes,Yes,3.23,80.700000000000003,A
S00981,Student_981,M,22,SE,BSc,4,1,50,62,84,35,5,Yes,Laptop,81059,No,6,2,26,32,Nairobi,No,No,2.0699999999999998,51.700000000000003,C
S00982,Student_982,F,20,SE,BSc,3,1,55,90,79,63,11,Yes,Tablet,299166,Yes,6,3,46,29,Kisumu,Yes,Yes,2.8300000000000001,70.799999999999997,A
S00983,Student_983,F,18,CS,MSc,3,2,92,39,77,83,6,Yes,Tablet,82575,No,15,1,103,51,Mombasa,Yes,Yes,2.96,73.900000000000006,A
S00984,Student_984,M,27,SE,MSc,3,2,78,57,66,94,5,No,Desktop,58847,No,8,0,199,58,Mombasa,Yes,Yes,3.1800000000000002,79.400000000000006,A
S00985,Student_985,F,19,DS,BSc,1,1,98,47,49,77,2,No,Tablet,208660,No,4,0,122,26,Nakuru,Yes,No,2.7000000000000002,67.5,B
S00986,Student_986,F,26,SE,MSc,4,1,41,57,47,50,7,Yes,Desktop,152064,No,14,3,128,8,Mombasa,Yes,No,2,49.899999999999999,D
S00987,Student_987,F,35,CS,MSc,2,2,98,41,35,29,9,No,Laptop,197761,No,15,6,65,12,Nakuru,No,No,1.5800000000000001,39.5,F
S00988,Student_988,M,31,AI,BSc,3,2,81,98,58,20,4,No,Desktop,112290,Yes,9,7,185,52,Nairobi,No,No,1.97,49.299999999999997,D
S00989,Student_989,M,24,AI,BSc,4,2,62,47,26,36,2,No,Laptop,86195,Yes,8,6,10,1,Nakuru,Yes,No,1.55,38.799999999999997,F
S00990,Student_990,F,25,AI,MSc,1,1,48,64,28,73,7,Yes,Laptop,244793,Yes,1,4,86,31,Eldoret,Yes,No,2.3900000000000001,59.700000000000003,C
S00991,Student_991,F,27,IT,BSc,4,1,97,47,93,100,1,No,Tablet,147047,No,4,0,195,20,Eldoret,Yes,Yes,3.5099999999999998,87.700000000000003,A
S00992,Student_992,F,22,SE,BSc,2,1,66,92,49,89,10,Yes,Tablet,56430,No,12,0,16,50,Mombasa,Yes,Yes,3.1699999999999999,79.299999999999997,A
S00993,Student_993,F,35,AI,MSc,3,1,70,55,50,91,2,Yes,Laptop,191788,No,13,1,94,50,Kisumu,Yes,Yes,2.9399999999999999,73.5,A
S00994,Student_994,F,24,IT,BSc,1,1,66,30,87,96,8,Yes,Tablet,120102,No,9,1,186,6,Eldoret,Yes,Yes,3.1200000000000001,78,A
S00995,Student_995,F,26,AI,MSc,2,2,91,82,61,42,6,Yes,Laptop,24007,No,12,7,104,49,Nakuru,Yes,No,2.3500000000000001,58.700000000000003,C
S00996,Student_996,F,31,DS,MSc,4,1,86,79,81,91,11,No,Desktop,183282,Yes,0,4,67,47,Nakuru,Yes,Yes,3.4399999999999999,86.099999999999994,A
S00997,Student_997,F,19,SE,BSc,3,1,56,67,90,66,2,Yes,Desktop,100983,No,7,2,111,40,Eldoret,No,No,2.7999999999999998,70,A
S00998,Student_998,F,25,DS,MSc,2,2,90,92,54,84,11,No,Laptop,85033,Yes,3,5,183,43,Kisumu,Yes,Yes,3.21,80.200000000000003,A
S00999,Student_999,F,19,DS,MSc,4,2,65,69,33,89,6,No,Desktop,174896,Yes,7,0,69,29,Eldoret,Yes,Yes,2.8599999999999999,71.400000000000006,A
S01000,Student_1000,F,32,DS,MSc,4,1,46,49,100,38,3,No,Tablet,90593,No,10,6,50,11,Nakuru,Yes,No,2.1400000000000001,53.399999999999999,C
